character,male 20-,male 20~30,male 30~40,male 40~50,male 50~60,male 60+,female 20-,female 20~30,female 30~40,female 40~50,female 50~60,female 60+,total male,total female,sex ratio(male/female),ipa
文,0,8,43,80,86,14,0,2,8,14,9,4,231,37,1.66,u̯ən
志,0,3,31,112,64,11,0,0,0,3,1,0,221,4,14.73,ʈ͡ʂz̩
明,0,3,34,57,54,14,0,0,0,6,2,1,162,9,4.8,miŋ
俊,0,11,40,71,32,5,0,0,0,0,0,0,159,0,1000.0,t͡ɕyn
宏,0,6,27,75,36,3,0,1,1,0,0,0,147,2,19.6,xʊŋ
偉,0,7,30,74,26,7,0,0,0,0,1,0,144,1,38.4,u̯ei̯
家,2,13,28,47,20,2,0,2,4,14,2,0,112,22,1.36,t͡ɕi̯ä
建,0,6,33,51,35,6,0,0,0,1,0,0,131,1,34.93,t͡ɕi̯ɛn
豪,1,8,42,62,12,1,0,0,0,0,0,0,126,0,1000.0,xau̯
嘉,1,3,26,39,18,1,0,0,7,17,6,0,88,30,0.78,t͡ɕi̯ä
銘,0,2,24,43,32,7,0,0,0,0,1,0,108,1,28.8,miŋ
宇,0,12,44,33,11,0,0,0,3,5,1,0,100,9,2.96,y
智,1,7,19,54,15,2,0,0,1,2,2,0,98,5,5.23,ʈ͡ʂz̩
國,0,2,12,42,33,8,0,0,0,0,1,0,97,1,25.87,ku̯ɔ
柏,1,12,33,35,4,1,0,0,2,2,0,0,86,4,5.73,pai̯
華,0,0,13,17,26,12,0,0,3,9,9,1,68,22,0.82,xua
正,0,1,12,39,30,5,0,0,0,1,0,0,87,1,23.2,ʈ͡ʂɤŋ
佳,0,3,12,12,10,1,0,2,15,24,8,0,38,49,0.21,t͡ɕi̯ä
宗,0,3,22,43,14,5,0,0,0,0,0,0,87,0,1000.0,t͡sʊŋ
傑,0,5,28,35,16,2,0,0,0,0,0,0,86,0,1000.0,t͡ɕi̯ɛ
世,1,3,11,41,18,9,0,0,0,1,1,0,83,2,11.07,ʂz̩
凱,1,4,28,35,10,1,0,0,1,2,1,0,79,4,5.27,kʰai̯
彥,0,7,26,35,8,0,0,0,4,0,0,0,76,4,5.07,i̯ɛn
政,0,8,19,24,24,4,0,0,0,0,0,0,79,0,1000.0,ʈ͡ʂɤŋ
維,1,4,24,26,11,4,0,0,2,1,5,0,70,8,2.33,u̯ei̯
賢,0,4,10,43,15,2,0,0,1,1,1,0,74,3,6.58,ɕi̯ɛn
榮,0,0,11,33,24,7,0,0,0,0,0,0,75,0,1000.0,ʐʊŋ
瑋,0,13,23,24,2,0,0,1,6,6,0,0,62,13,1.27,u̯ei̯
怡,0,0,1,8,3,1,0,2,15,40,5,0,13,62,0.06,i
仁,0,2,13,27,21,8,0,0,0,0,0,0,71,0,1000.0,ʐən
哲,2,4,30,21,12,0,0,0,0,1,0,0,69,1,18.4,ʈ͡ʂɤ
惠,0,0,0,3,2,1,0,0,5,28,30,1,6,64,0.02,xu̯ei̯
瑞,0,4,6,24,18,6,0,1,3,5,2,0,58,11,1.41,ʐu̯ei̯
祥,0,2,13,24,26,4,0,0,0,0,0,0,69,0,1000.0,ɕi̯aŋ
冠,0,9,22,24,6,1,0,1,3,2,1,0,62,7,2.36,kuan
育,0,4,25,24,9,1,0,0,2,2,2,0,63,6,2.8,y
子,0,5,19,22,5,5,0,2,5,2,4,0,56,13,1.15,t͡sz̩
德,0,0,11,27,25,4,0,0,1,0,0,0,67,1,17.87,tɤ
翔,0,11,27,23,5,1,0,0,0,0,0,0,67,0,1000.0,ɕi̯aŋ
玉,0,0,0,5,7,1,0,1,3,30,16,3,13,53,0.07,y
良,0,2,13,32,15,3,0,0,0,0,0,0,65,0,1000.0,li̯aŋ
雅,0,0,1,1,2,0,0,1,12,36,11,0,4,60,0.02,i̯ä
永,0,1,15,19,19,7,0,0,0,1,2,0,61,3,5.42,i̯ʊŋ
元,0,1,16,31,11,2,0,0,0,1,0,0,61,1,16.27,y̯ɛn
鴻,0,2,6,34,14,3,0,0,0,0,0,0,59,0,1000.0,xʊŋ
宜,0,3,6,14,6,0,0,4,9,14,2,0,29,29,0.27,i
欣,0,1,8,11,1,3,0,3,6,21,4,0,24,34,0.19,ɕin
廷,0,7,21,18,5,2,0,0,1,2,1,0,53,4,3.53,tʰiŋ
君,0,2,6,11,3,0,0,2,2,19,11,1,22,35,0.17,t͡ɕyn
立,1,3,16,20,9,0,0,0,2,2,1,0,49,5,2.61,li
慶,0,0,6,31,11,4,0,0,0,0,1,1,52,2,6.93,t͡ɕʰiŋ
慧,0,0,0,0,0,1,0,2,8,29,14,0,1,53,0.01,xu̯ei̯
美,0,0,0,0,0,0,0,0,3,22,26,2,0,53,0.001,mei̯
昌,0,2,5,21,19,5,0,0,0,0,0,0,52,0,1000.0,ʈ͡ʂʰaŋ
忠,0,2,3,21,20,5,0,0,0,0,0,0,51,0,1000.0,ʈ͡ʂʊŋ
振,0,2,5,23,13,8,0,0,0,0,0,0,51,0,1000.0,ʈ͡ʂən
信,0,2,4,29,14,2,0,0,0,0,0,0,51,0,1000.0,ɕin
婷,0,0,0,0,0,0,0,5,14,26,4,1,0,50,0.001,tʰiŋ
翰,0,8,20,18,4,0,0,0,0,0,0,0,50,0,1000.0,xan
威,1,4,10,28,7,0,0,0,0,0,0,0,50,0,1000.0,u̯ei̯
輝,0,2,5,22,17,3,0,0,0,0,1,0,49,1,13.07,xu̯ei̯
益,1,3,5,15,22,4,0,0,0,0,0,0,50,0,1000.0,i
軒,0,4,22,15,3,0,0,1,3,2,0,0,44,6,1.96,ɕyan
聖,0,3,19,22,3,1,0,0,0,1,0,0,48,1,12.8,ʂɤŋ
裕,0,1,11,20,15,1,0,0,0,0,0,0,48,0,1000.0,y
昱,0,13,15,13,2,0,0,1,1,0,2,0,43,4,2.87,y
勝,0,0,10,23,11,3,0,0,0,0,0,0,47,0,1000.0,ʂɤŋ
鈞,0,6,13,23,2,0,0,0,0,3,0,0,44,3,3.91,t͡ɕyn
安,1,5,12,14,6,1,0,1,4,1,1,0,39,7,1.49,an
淑,0,0,0,0,0,0,0,0,1,20,22,3,0,46,0.001,ʂu
成,0,1,8,15,13,8,0,0,0,0,0,0,45,0,1000.0,ʈ͡ʂʰɤŋ
霖,0,3,9,19,8,2,0,2,1,1,0,0,41,4,2.73,lin
玲,0,0,0,0,0,0,0,1,3,20,19,2,0,45,0.001,liŋ
耀,0,1,10,15,14,4,0,0,1,0,0,0,44,1,11.73,i̯au̯
達,0,0,8,23,11,2,0,0,0,0,0,0,44,0,1000.0,ta
富,1,2,9,18,9,4,0,0,0,1,0,0,43,1,11.47,fu
光,0,1,3,12,21,6,0,0,0,0,0,0,43,0,1000.0,ku̯ɑŋ
穎,0,3,11,8,3,0,0,2,5,8,2,0,25,17,0.39,iŋ
中,0,0,8,23,8,3,0,0,0,0,0,0,42,0,1000.0,ʈ͡ʂʊŋ
健,0,1,14,14,11,1,0,0,1,0,0,0,41,1,10.93,t͡ɕi̯ɛn
承,0,2,19,15,4,0,0,0,0,0,0,0,40,0,1000.0,ʈ͡ʂʰɤŋ
芳,0,0,1,4,3,2,0,0,6,15,8,1,10,30,0.09,faŋ
儒,0,3,15,10,6,0,0,1,2,2,0,0,34,5,1.81,ʐu
士,1,2,10,15,10,0,0,1,0,0,0,0,38,1,10.13,ʂz̩
敏,0,0,3,8,7,0,0,0,2,7,12,0,18,21,0.23,min
龍,0,1,4,17,12,5,0,0,0,0,0,0,39,0,1000.0,lʊŋ
如,0,0,0,2,1,0,0,2,2,21,9,1,3,35,0.02,ʐu
逸,0,1,8,21,3,0,0,0,2,1,0,2,33,5,1.76,i
杰,0,3,18,10,6,1,0,0,0,0,0,0,38,0,1000.0,t͡ɕi̯ɛ
清,0,0,2,6,16,9,0,0,0,3,1,0,33,4,2.2,t͡ɕʰiŋ
孟,0,2,12,10,6,0,0,0,1,5,1,0,30,7,1.14,mɤŋ
浩,0,3,9,17,5,1,0,0,0,1,1,0,35,2,4.67,xau̯
啟,0,1,5,13,13,3,0,0,0,0,0,1,35,1,9.33,t͡ɕʰi
緯,0,3,10,15,6,0,0,0,0,1,0,0,34,1,9.07,u̯ei̯
仲,0,2,7,14,9,2,0,0,1,0,0,0,34,1,9.07,ʈ͡ʂʊŋ
麗,0,0,0,0,0,0,0,0,2,10,22,1,0,35,0.001,li
萍,0,0,0,0,1,1,0,0,4,17,11,1,2,33,0.02,pʰiŋ
庭,0,3,10,10,1,0,0,1,5,5,0,0,24,11,0.58,tʰiŋ
韋,0,4,14,14,2,0,0,0,0,1,0,0,34,1,9.07,u̯ei̯
佑,2,4,12,9,6,0,0,0,0,1,1,0,33,2,4.4,i̯oʊ̯
昇,0,0,9,14,8,3,0,0,0,0,0,0,34,0,1000.0,ʂɤŋ
恩,0,4,8,9,1,1,0,1,4,5,1,0,23,11,0.56,ən
書,0,3,5,12,9,0,0,0,1,3,1,0,29,5,1.55,ʂu
雄,0,0,3,12,13,6,0,0,0,0,0,0,34,0,1000.0,ɕi̯ʊŋ
東,1,0,2,15,15,0,0,0,1,0,0,0,33,1,8.8,tʊŋ
博,1,5,8,12,6,1,0,0,1,0,0,0,33,1,8.8,pu̯ɔ
民,0,1,9,10,8,3,0,0,0,2,0,0,31,2,4.13,min
倫,0,3,5,14,6,0,0,0,3,0,2,0,28,5,1.49,lu̯ən
勳,0,3,14,6,6,3,0,0,0,0,1,0,32,1,8.53,ɕyn
毅,0,4,14,8,5,1,0,0,0,0,0,0,32,0,1000.0,i
誠,0,1,8,12,10,1,0,0,0,0,0,0,32,0,1000.0,ʈ͡ʂʰɤŋ
景,0,3,8,9,8,2,0,1,0,1,0,0,30,2,4.0,t͡ɕiŋ
漢,0,0,9,14,4,3,0,0,0,1,0,0,30,1,8.0,xan
佩,0,0,0,0,0,0,0,0,6,20,5,0,0,31,0.001,pʰei̯
堯,0,2,6,12,11,0,0,0,0,0,0,0,31,0,1000.0,i̯au̯
瑜,0,1,1,4,2,0,0,1,6,15,1,0,8,23,0.09,y
峰,0,1,10,13,5,1,0,0,0,0,0,0,30,0,1000.0,fɤŋ
隆,0,0,3,18,6,3,0,0,0,0,0,0,30,0,1000.0,lʊŋ
平,0,1,5,9,7,4,0,0,0,1,2,0,26,3,2.31,pʰiŋ
琪,0,1,3,3,2,0,0,1,4,11,4,0,9,20,0.12,t͡ɕʰi
奕,0,1,5,14,3,1,0,1,0,3,1,0,24,5,1.28,i
曉,0,0,1,1,1,1,0,0,4,13,8,0,4,25,0.04,ɕi̯au̯
芬,0,0,0,0,0,0,0,0,1,16,11,1,0,29,0.001,fən
秉,0,5,11,8,4,0,0,0,0,0,0,0,28,0,1000.0,piŋ
涵,0,0,5,2,0,0,0,2,12,7,0,0,7,21,0.09,xan
儀,0,1,1,3,2,3,0,2,3,9,4,0,10,18,0.15,i
坤,0,0,4,12,8,4,0,0,0,0,0,0,28,0,1000.0,kʰu̯ən
弘,0,0,11,11,5,1,0,0,0,0,0,0,28,0,1000.0,xʊŋ
憲,0,3,5,12,6,1,0,0,0,0,0,0,27,0,1000.0,ɕi̯ɛn
辰,0,3,14,6,3,1,0,0,0,0,0,0,27,0,1000.0,ʈ͡ʂʰən
源,0,0,5,9,8,5,0,0,0,0,0,0,27,0,1000.0,y̯ɛn
強,0,3,3,7,11,2,0,0,0,0,0,0,26,0,1000.0,t͡ɕʰi̯aŋ
福,0,1,3,6,8,7,0,0,0,0,1,0,25,1,6.67,fu
雯,0,0,0,0,0,0,0,1,2,16,6,1,0,26,0.001,u̯ən
進,0,0,2,10,10,4,0,0,0,0,0,0,26,0,1000.0,t͡ɕin
秋,0,0,1,2,6,2,0,0,1,7,7,0,11,15,0.2,t͡ɕʰi̯oʊ̯
思,0,3,3,5,1,0,0,0,3,10,0,1,12,14,0.23,sz̩
遠,0,4,6,11,5,0,0,0,0,0,0,0,26,0,1000.0,y̯ɛn
揚,0,2,10,8,4,0,0,1,1,0,0,0,24,2,3.2,i̯ɑŋ
珊,0,0,0,0,0,1,0,1,3,17,3,0,1,24,0.01,ʂan
秀,0,0,0,1,1,0,0,0,0,14,7,2,2,23,0.02,ɕi̯oʊ̯
麟,0,0,5,6,11,1,0,0,0,1,0,0,23,1,6.13,lin
興,0,0,3,6,11,3,0,0,0,0,1,0,23,1,6.13,ɕiŋ
金,0,0,3,6,4,5,0,0,1,1,4,0,18,6,0.8,t͡ɕin
娟,0,0,0,0,0,0,0,0,0,14,7,3,0,24,0.001,t͡ɕyan
青,0,0,1,3,8,1,0,0,2,5,4,0,13,11,0.32,t͡ɕʰiŋ
修,0,2,7,13,1,0,0,0,0,1,0,0,23,1,6.13,ɕi̯oʊ̯
程,0,1,6,14,2,0,0,0,1,0,0,0,23,1,6.13,ʈ͡ʂʰɤŋ
義,0,1,5,4,11,2,0,0,0,0,0,0,23,0,1000.0,i
生,0,1,4,8,8,2,0,0,0,0,0,0,23,0,1000.0,ʂɤŋ
雲,0,0,0,2,3,1,0,0,2,3,11,1,6,17,0.09,yn
聰,0,1,3,8,9,2,0,0,0,0,0,0,23,0,1000.0,t͡sʰʊŋ
全,0,0,6,10,6,0,0,0,0,0,0,0,22,0,1000.0,t͡ɕʰy̯ɛn
皓,0,6,9,6,0,0,0,1,0,0,0,0,21,1,5.6,xau̯
豐,0,1,3,7,8,3,0,0,0,0,0,0,22,0,1000.0,fɤŋ
吉,0,0,3,12,6,1,0,0,0,0,0,0,22,0,1000.0,t͡ɕi
泰,0,1,7,5,8,1,0,0,0,0,0,0,22,0,1000.0,tʰai̯
一,0,1,2,10,7,2,0,0,0,0,0,0,22,0,1000.0,i
昭,1,1,2,11,6,0,0,0,0,1,0,0,21,1,5.6,ʈ͡ʂau̯
駿,0,2,7,10,2,0,0,0,0,0,0,0,21,0,1000.0,t͡ɕyn
錦,0,0,2,6,7,5,0,0,0,0,1,0,20,1,5.33,t͡ɕin
任,0,2,11,7,1,0,0,0,0,0,0,0,21,0,1000.0,ʐən
旭,0,0,5,7,9,0,0,0,0,0,0,0,21,0,1000.0,ɕy
盈,0,0,2,4,1,1,0,0,5,5,3,0,8,13,0.16,iŋ
新,0,0,3,10,7,1,0,0,0,0,0,0,21,0,1000.0,ɕin
靜,0,0,0,0,1,0,0,2,1,7,10,0,1,20,0.01,t͡ɕiŋ
和,0,0,3,10,6,2,0,0,0,0,0,0,21,0,1000.0,xɤ
紹,0,2,7,6,3,0,0,0,1,0,1,0,18,2,2.4,ʂau̯
琳,0,1,0,0,2,2,0,1,3,8,3,0,5,15,0.09,lin
峻,0,2,14,4,0,0,0,0,0,0,0,0,20,0,1000.0,t͡ɕyn
彬,0,0,4,7,7,2,0,0,0,0,0,0,20,0,1000.0,pin
松,0,0,2,7,7,4,0,0,0,0,0,0,20,0,1000.0,sʊŋ
亮,0,2,4,5,7,0,0,0,0,1,1,0,18,2,2.4,li̯aŋ
致,0,2,2,13,2,1,0,0,0,0,0,0,20,0,1000.0,ʈ͡ʂz̩
欽,0,0,2,12,5,1,0,0,0,0,0,0,20,0,1000.0,t͡ɕʰin
瑩,0,0,1,2,0,0,0,1,4,10,2,0,3,17,0.05,iŋ
春,0,1,1,1,5,6,0,0,0,3,1,1,14,5,0.75,ʈ͡ʂʰu̯ən
學,0,0,5,8,5,1,0,0,0,0,0,0,19,0,1000.0,ɕyɤ
英,0,0,5,6,2,2,0,0,0,1,1,2,15,4,1.0,iŋ
蓉,0,0,0,0,0,0,0,0,4,11,3,1,0,19,0.001,ʐʊŋ
鳳,0,0,0,1,1,0,0,0,0,7,6,4,2,17,0.03,fɤŋ
祐,1,3,9,4,0,1,0,1,0,0,0,0,18,1,4.8,i̯oʊ̯
天,0,0,4,8,3,3,0,0,0,1,0,0,18,1,4.8,tʰi̯ɛn
詠,0,1,4,9,1,0,0,0,0,4,0,0,15,4,1.0,i̯ʊŋ
兆,0,0,2,10,6,1,0,0,0,0,0,0,19,0,1000.0,ʈ͡ʂau̯
伯,0,0,4,8,5,0,0,0,0,1,0,0,17,1,4.53,pu̯ɔ
齊,0,1,4,9,1,1,0,1,1,0,0,0,16,2,2.13,t͡ɕʰi
崇,0,1,4,6,7,0,0,0,0,0,0,0,18,0,1000.0,ʈ͡ʂʰʊŋ
澤,0,2,4,8,2,2,0,0,0,0,0,0,18,0,1000.0,t͡sɤ
邦,0,0,4,5,8,1,0,0,0,0,0,0,18,0,1000.0,paŋ
郁,0,2,1,4,0,0,0,1,5,3,2,0,7,11,0.17,y
潔,0,0,0,3,1,0,0,2,4,7,1,0,4,14,0.08,t͡ɕi̯ɛ
斌,0,0,2,11,4,1,0,0,0,0,0,0,18,0,1000.0,pin
章,0,0,2,6,9,1,0,0,0,0,0,0,18,0,1000.0,ʈ͡ʂaŋ
錫,0,1,0,6,5,5,0,0,0,0,1,0,17,1,4.53,ɕi
誌,0,1,5,7,4,0,0,0,0,0,1,0,17,1,4.53,ʈ͡ʂz̩
超,0,1,1,9,6,1,0,0,0,0,0,0,18,0,1000.0,ʈ͡ʂʰau̯
勇,0,1,4,7,4,2,0,0,0,0,0,0,18,0,1000.0,i̯ʊŋ
敬,0,0,7,4,3,2,0,0,1,1,0,0,16,2,2.13,t͡ɕiŋ
婉,0,0,0,0,0,0,0,1,6,8,3,0,0,18,0.001,u̯an
樺,0,3,3,5,2,0,0,0,2,1,2,0,13,5,0.69,xua
培,0,1,1,7,5,1,0,0,0,3,0,0,15,3,1.33,pʰei̯
旻,0,0,7,4,4,0,0,0,2,0,0,0,15,2,2.0,min
基,0,1,0,5,7,4,0,0,0,0,0,0,17,0,1000.0,t͡ɕi
山,0,1,1,4,9,2,0,0,0,0,0,0,17,0,1000.0,ʂan
宸,1,4,3,8,1,0,0,0,0,0,0,0,17,0,1000.0,ʈ͡ʂʰən
易,0,1,4,8,2,0,0,0,1,0,1,0,15,2,2.0,i
沛,0,1,3,3,3,1,0,0,5,0,1,0,11,6,0.49,pʰei̯
莉,0,0,0,0,0,0,0,1,2,7,6,1,0,17,0.001,li
晉,0,2,6,7,1,0,0,1,0,0,0,0,16,1,4.27,t͡ɕin
珮,0,0,0,0,0,0,0,1,2,11,3,0,0,17,0.001,pʰei̯
閔,0,3,6,7,1,0,0,0,0,0,0,0,17,0,1000.0,min
展,0,1,3,9,3,0,0,0,0,0,0,0,16,0,1000.0,ʈ͡ʂan
昆,0,0,3,8,5,0,0,0,0,0,0,0,16,0,1000.0,kʰu̯ən
詩,0,0,0,1,0,0,0,1,5,8,1,0,1,15,0.02,ʂz̩
鈺,0,1,4,2,0,0,0,0,3,5,1,0,7,9,0.21,y
舜,0,2,3,8,1,0,0,0,0,0,2,0,14,2,1.87,ʂu̯ən
奇,0,0,8,3,5,0,0,0,0,0,0,0,16,0,1000.0,t͡ɕʰi
茂,0,0,0,7,6,3,0,0,0,0,0,0,16,0,1000.0,mau̯
淳,0,0,4,5,0,0,0,1,2,3,1,0,9,7,0.34,ʈ͡ʂʰu̯ən
珍,0,0,0,0,1,1,0,0,0,7,7,0,2,14,0.04,ʈ͡ʂən
騰,0,1,6,7,2,0,0,0,0,0,0,0,16,0,1000.0,tʰɤŋ
碩,0,0,4,8,2,0,0,0,0,1,0,0,14,1,3.73,ʂu̯ɔ
治,0,2,5,2,4,1,0,0,0,1,0,0,14,1,3.73,ʈ͡ʂz̩
馨,0,1,0,1,1,0,0,1,3,8,0,0,3,12,0.07,ɕin
煌,0,0,1,7,4,3,0,0,0,0,0,0,15,0,1000.0,xu̯ɑŋ
業,0,0,4,3,6,2,0,0,0,0,0,0,15,0,1000.0,i̯ɛ
丞,0,4,5,5,1,0,0,0,0,0,0,0,15,0,1000.0,ʈ͡ʂʰɤŋ
陽,0,0,3,5,6,1,0,0,0,0,0,0,15,0,1000.0,i̯ɑŋ
堅,0,1,2,5,5,2,0,0,0,0,0,0,15,0,1000.0,t͡ɕi̯ɛn
岳,0,1,3,5,5,1,0,0,0,0,0,0,15,0,1000.0,y̯ɛ
真,0,0,0,2,0,0,0,0,2,4,7,0,2,13,0.04,ʈ͡ʂən
武,0,0,3,6,5,1,0,0,0,0,0,0,15,0,1000.0,u
淵,0,0,1,5,7,2,0,0,0,0,0,0,15,0,1000.0,y̯ɛn
燕,0,0,0,0,0,0,0,0,1,6,7,1,0,15,0.001,i̯ɛn
森,0,0,3,6,4,2,0,0,0,0,0,0,15,0,1000.0,sən
大,0,1,2,6,5,1,0,0,0,0,0,0,15,0,1000.0,ta
剛,0,1,6,4,1,3,0,0,0,0,0,0,15,0,1000.0,kaŋ
叡,0,1,8,4,1,0,0,0,0,0,0,0,14,0,1000.0,ʐu̯ei̯
慈,0,1,0,0,0,0,0,3,5,4,1,0,1,13,0.02,t͡sʰz̩
星,0,1,7,4,1,1,0,0,0,0,0,0,14,0,1000.0,ɕiŋ
泓,0,3,3,6,1,1,0,0,0,0,0,0,14,0,1000.0,xʊŋ
昀,0,1,4,2,3,0,0,1,3,0,0,0,10,4,0.67,yn
貴,0,0,2,4,3,2,0,0,0,0,3,0,11,3,0.98,ku̯ei̯
鵬,1,1,1,4,6,1,0,0,0,0,0,0,14,0,1000.0,pʰɤŋ
蘭,0,0,0,0,0,0,0,0,1,4,9,0,0,14,0.001,lan
繼,0,1,2,5,2,3,0,1,0,0,0,0,13,1,3.47,t͡ɕi
鑫,0,0,3,8,3,0,0,0,0,0,0,0,14,0,1000.0,ɕin
菁,0,0,0,0,0,0,0,1,1,8,3,1,0,14,0.001,t͡ɕiŋ
原,0,0,4,7,2,0,0,0,1,0,0,0,13,1,3.47,y̯ɛn
蓁,0,0,0,0,1,0,0,1,4,6,2,0,1,13,0.02,ʈ͡ʂən
寶,0,0,1,3,2,2,0,0,1,3,2,0,8,6,0.36,pau̯
男,0,0,0,8,4,2,0,0,0,0,0,0,14,0,1000.0,nan
茹,0,0,0,0,0,0,0,1,3,7,3,0,0,14,0.001,ʐu
萱,0,0,0,0,0,0,0,2,7,2,3,0,0,14,0.001,ɕyan
恒,0,0,1,11,2,0,0,0,0,0,0,0,14,0,1000.0,xɤŋ
林,0,1,2,4,5,2,0,0,0,0,0,0,14,0,1000.0,lin
尚,0,2,5,4,1,1,0,0,1,0,0,0,13,1,3.47,ʂaŋ
于,0,1,3,5,0,0,0,0,2,3,0,0,9,5,0.48,y
均,0,2,6,4,1,0,0,0,1,0,0,0,13,1,3.47,t͡ɕyn
盛,0,1,8,3,2,0,0,0,0,0,0,0,14,0,1000.0,ʂɤŋ
容,0,0,1,1,0,0,0,3,2,6,1,0,2,12,0.04,ʐʊŋ
仕,0,0,5,7,0,1,0,0,0,0,0,0,13,0,1000.0,ʂz̩
銓,0,2,3,7,1,0,0,0,0,0,0,0,13,0,1000.0,t͡ɕʰy̯ɛn
璋,0,1,2,7,3,0,0,0,0,0,0,0,13,0,1000.0,ʈ͡ʂaŋ
綺,0,0,0,0,0,0,0,1,3,8,1,0,0,13,0.001,t͡ɕʰi
億,0,2,2,7,2,0,0,0,0,0,0,0,13,0,1000.0,i
名,0,2,2,7,1,1,0,0,0,0,0,0,13,0,1000.0,miŋ
素,0,0,0,0,0,0,0,0,1,3,9,0,0,13,0.001,su
川,0,0,1,6,3,3,0,0,0,0,0,0,13,0,1000.0,ʈ͡ʂʰuan
炳,0,0,2,5,3,3,0,0,0,0,0,0,13,0,1000.0,piŋ
璇,0,0,0,0,0,0,0,0,4,8,1,0,0,13,0.001,ɕyan
海,0,1,3,1,3,1,0,1,1,1,1,0,9,4,0.6,xai̯
禎,0,1,1,1,3,0,0,0,1,4,2,0,6,7,0.23,ʈ͡ʂən
其,0,1,6,3,3,0,0,0,0,0,0,0,13,0,1000.0,t͡ɕʰi
煒,0,1,3,6,3,0,0,0,0,0,0,0,13,0,1000.0,u̯ei̯
睿,1,3,2,4,1,1,0,0,0,1,0,0,12,1,3.2,ʐu̯ei̯
峯,0,1,1,7,2,2,0,0,0,0,0,0,13,0,1000.0,fɤŋ
綸,0,0,1,8,2,0,0,0,0,1,0,0,11,1,2.93,lu̯ən
帆,0,0,5,3,1,0,0,1,1,1,0,0,9,3,0.8,fan
宥,0,3,0,6,0,0,0,0,2,1,0,0,9,3,0.8,i̯oʊ̯
若,0,0,0,2,0,0,0,2,4,1,3,0,2,10,0.05,ʐu̯ɔ
梅,0,0,0,0,0,0,0,0,0,9,3,0,0,12,0.001,mei̯
倩,0,0,0,0,0,0,0,0,2,8,2,0,0,12,0.001,t͡ɕʰi̯ɛn
人,0,0,1,6,5,0,0,0,0,0,0,0,12,0,1000.0,ʐən
朝,0,1,0,3,7,1,0,0,0,0,0,0,12,0,1000.0,ʈ͡ʂʰau̯
發,0,0,1,3,6,2,0,0,0,0,0,0,12,0,1000.0,fa
順,0,0,0,7,4,1,0,0,0,0,0,0,12,0,1000.0,ʂu̯ən
長,0,0,2,3,5,2,0,0,0,0,0,0,12,0,1000.0,ʈ͡ʂaŋ
霆,0,3,3,5,1,0,0,0,0,0,0,0,12,0,1000.0,tʰiŋ
鋒,0,0,1,6,4,1,0,0,0,0,0,0,12,0,1000.0,fɤŋ
巧,0,0,0,1,0,0,0,0,2,7,2,0,1,11,0.02,t͡ɕʰi̯au̯
啓,0,0,3,6,3,0,0,0,0,0,0,0,12,0,1000.0,t͡ɕʰi
寧,0,0,0,4,1,0,0,0,3,3,1,0,5,7,0.19,niŋ
彰,0,0,2,5,5,0,0,0,0,0,0,0,12,0,1000.0,ʈ͡ʂaŋ
靖,0,3,5,1,1,0,0,0,0,1,1,0,10,2,1.33,t͡ɕiŋ
融,0,1,4,4,1,0,0,0,2,0,0,0,10,2,1.33,ʐʊŋ
重,0,1,2,6,3,0,0,0,0,0,0,0,12,0,1000.0,ʈ͡ʂʊŋ
群,0,0,2,7,2,0,0,0,0,0,0,0,11,0,1000.0,t͡ɕʰyn
守,0,0,0,4,5,2,0,0,0,0,0,0,11,0,1000.0,ʂoʊ̯
心,0,0,0,1,0,0,0,0,1,7,2,0,1,10,0.03,ɕin
賓,0,0,3,6,2,0,0,0,0,0,0,0,11,0,1000.0,pin
鼎,0,1,3,4,2,1,0,0,0,0,0,0,11,0,1000.0,tiŋ
之,0,0,1,7,1,0,0,1,0,1,0,0,9,2,1.2,ʈ͡ʂz̩
至,0,1,4,4,2,0,0,0,0,0,0,0,11,0,1000.0,ʈ͡ʂz̩
貞,0,0,0,0,1,0,0,1,0,3,6,0,1,10,0.03,ʈ͡ʂən
棋,0,0,2,3,5,0,0,0,0,1,0,0,10,1,2.67,t͡ɕʰi
竣,0,0,7,4,0,0,0,0,0,0,0,0,11,0,1000.0,t͡ɕyn
南,0,0,2,2,1,3,0,1,0,0,2,0,8,3,0.71,nan
克,0,0,1,5,4,1,0,0,0,0,0,0,11,0,1000.0,kʰɤ
琦,0,0,0,2,3,0,0,0,0,4,2,0,5,6,0.22,t͡ɕʰi
勤,0,0,2,4,0,1,0,0,1,2,1,0,7,4,0.47,t͡ɕʰin
呈,0,1,3,5,1,1,0,0,0,0,0,0,11,0,1000.0,ʈ͡ʂʰɤŋ
諭,0,2,4,3,1,0,0,0,0,1,0,0,10,1,2.67,y
凡,0,1,1,4,0,0,0,0,2,2,0,0,6,4,0.4,fan
暉,0,2,3,3,1,1,0,0,0,0,0,0,10,0,1000.0,xu̯ei̯
竹,0,2,2,4,0,0,0,1,1,0,0,0,8,2,1.07,ʈ͡ʂu
毓,0,1,1,0,3,0,0,1,2,1,1,0,5,5,0.27,y
妤,0,0,0,0,0,0,0,1,6,3,0,0,0,10,0.001,y
登,0,0,5,3,1,1,0,0,0,0,0,0,10,0,1000.0,tɤŋ
然,0,0,2,3,4,0,0,0,0,1,0,0,9,1,2.4,ʐan
桂,0,0,0,3,3,0,0,0,1,2,1,0,6,4,0.4,ku̯ei̯
有,0,1,0,4,2,2,0,0,1,0,0,0,9,1,2.4,i̯oʊ̯
堂,0,0,0,5,4,1,0,0,0,0,0,0,10,0,1000.0,tʰaŋ
恆,0,1,1,2,3,1,0,1,0,0,1,0,8,2,1.07,xɤŋ
誼,1,0,2,1,0,0,0,2,2,2,0,0,4,6,0.18,i
惟,0,3,4,3,0,0,0,0,0,0,0,0,10,0,1000.0,u̯ei̯
宣,0,2,2,1,1,0,0,0,1,2,1,0,6,4,0.4,ɕyan
謙,0,1,2,6,0,1,0,0,0,0,0,0,10,0,1000.0,t͡ɕʰi̯ɛn
麒,0,1,3,5,1,0,0,0,0,0,0,0,10,0,1000.0,t͡ɕʰi
綱,0,1,2,5,2,0,0,0,0,0,0,0,10,0,1000.0,kaŋ
宛,0,0,0,0,0,0,0,0,4,4,1,0,0,9,0.001,u̯an
紘,0,1,3,3,2,0,0,0,0,0,0,0,9,0,1000.0,xʊŋ
甫,0,0,3,2,3,1,0,0,0,0,0,0,9,0,1000.0,fu
卿,0,0,1,1,1,0,0,0,0,2,4,0,3,6,0.13,t͡ɕʰiŋ
得,0,2,1,2,3,0,0,1,0,0,0,0,8,1,2.13,tɤ
傳,1,0,2,3,2,1,0,0,0,0,0,0,9,0,1000.0,ʈ͡ʂʰuan
瑄,0,0,1,1,0,0,0,2,3,1,1,0,2,7,0.08,ɕyan
瓊,0,0,0,0,0,0,0,1,0,2,6,0,0,9,0.001,t͡ɕʰi̯ʊŋ
依,0,1,0,0,0,0,0,0,3,5,0,0,1,8,0.03,i
經,0,0,0,6,2,1,0,0,0,0,0,0,9,0,1000.0,t͡ɕiŋ
祖,0,0,2,2,1,3,0,0,0,0,1,0,8,1,2.13,t͡su
鳴,0,2,2,4,1,0,0,0,0,0,0,0,9,0,1000.0,miŋ
翊,1,1,3,1,1,0,0,0,1,0,1,0,7,2,0.93,i
月,0,0,0,0,1,0,0,0,0,4,2,2,1,8,0.03,y̯ɛ
閎,0,3,2,1,3,0,0,0,0,0,0,0,9,0,1000.0,xʊŋ
村,0,0,1,2,5,1,0,0,0,0,0,0,9,0,1000.0,t͡sʰu̯ən
茗,0,0,1,5,0,0,0,1,0,1,1,0,6,3,0.53,miŋ
瀚,0,2,7,0,0,0,0,0,0,0,0,0,9,0,1000.0,xan
純,0,0,0,1,1,0,0,0,0,5,2,0,2,7,0.08,ʈ͡ʂʰu̯ən
碧,0,0,0,0,0,0,0,0,1,3,4,1,0,9,0.001,pi
昕,0,1,0,3,1,0,0,2,1,0,1,0,5,4,0.33,ɕin
城,0,0,0,2,4,2,0,0,1,0,0,0,8,1,2.13,ʈ͡ʂʰɤŋ
添,0,0,2,1,2,3,0,0,0,0,1,0,8,1,2.13,tʰi̯ɛn
曜,0,0,4,2,2,1,0,0,0,0,0,0,9,0,1000.0,i̯au̯
加,0,0,1,5,0,0,0,1,1,0,0,0,6,2,0.8,t͡ɕi̯ä
樹,0,0,3,3,2,0,0,0,0,0,0,0,8,0,1000.0,ʂu
諺,0,2,2,2,2,0,0,0,0,0,0,0,8,0,1000.0,i̯ɛn
鈴,0,0,0,0,0,0,0,0,1,6,1,0,0,8,0.001,liŋ
羽,0,0,1,2,0,0,0,0,1,2,1,1,3,5,0.16,y
祺,0,0,2,3,3,0,0,0,0,0,0,0,8,0,1000.0,t͡ɕʰi
亨,0,0,1,4,1,1,0,0,0,0,1,0,7,1,1.87,xɤŋ
棠,0,1,0,5,1,1,0,0,0,0,0,0,8,0,1000.0,tʰaŋ
少,0,0,3,3,0,1,0,0,0,0,0,1,7,1,1.87,ʂau̯
捷,0,2,3,2,0,0,0,0,1,0,0,0,7,1,1.87,t͡ɕi̯ɛ
品,0,0,1,3,1,0,0,0,1,2,0,0,5,3,0.44,pʰin
幸,0,0,0,1,1,0,0,1,0,4,1,0,2,6,0.09,ɕiŋ
濤,0,1,1,3,2,1,0,0,0,0,0,0,8,0,1000.0,tʰau̯
禮,0,0,2,2,1,3,0,0,0,0,0,0,8,0,1000.0,li
為,0,1,2,3,1,0,0,0,1,0,0,0,7,1,1.87,u̯ei̯
晟,0,0,3,4,0,0,0,0,0,1,0,0,7,1,1.87,ʈ͡ʂʰɤŋ
芃,0,1,4,0,0,0,0,1,1,1,0,0,5,3,0.44,pʰɤŋ
亞,0,1,2,0,1,1,0,0,1,2,0,0,5,3,0.44,i̯ä
升,0,2,1,4,1,0,0,0,0,0,0,0,8,0,1000.0,ʂɤŋ
楷,0,2,4,2,0,0,0,0,0,0,0,0,8,0,1000.0,kʰai̯
羣,0,1,0,5,0,1,0,0,1,0,0,0,7,1,1.87,t͡ɕʰyn
雪,0,0,0,0,0,0,0,0,1,4,3,0,0,8,0.001,ɕyɤ
暐,0,1,3,3,0,0,0,0,0,0,0,0,7,0,1000.0,u̯ei̯
晨,0,1,2,3,0,0,0,0,0,0,1,0,6,1,1.6,ʈ͡ʂʰən
汝,0,0,0,2,0,0,0,0,3,2,0,0,2,5,0.11,ʐu
晏,0,0,3,2,0,0,0,0,2,0,0,0,5,2,0.67,i̯ɛn
航,0,0,1,5,1,0,0,0,0,0,0,0,7,0,1000.0,xaŋ
浚,0,0,2,2,3,0,0,0,0,0,0,0,7,0,1000.0,t͡ɕyn
霞,0,0,0,0,0,1,0,0,1,2,3,0,1,6,0.04,ɕi̯ä
琮,0,2,1,3,1,0,0,0,0,0,0,0,7,0,1000.0,t͡sʰʊŋ
唐,0,0,4,2,1,0,0,0,0,0,0,0,7,0,1000.0,tʰaŋ
照,0,1,1,3,1,1,0,0,0,0,0,0,7,0,1000.0,ʈ͡ʂau̯
肇,0,0,3,1,2,1,0,0,0,0,0,0,7,0,1000.0,ʈ͡ʂau̯
羿,0,0,2,2,0,0,0,0,1,2,0,0,4,3,0.36,i
小,0,0,0,1,0,0,0,0,1,2,3,0,1,6,0.04,ɕi̯au̯
汶,0,0,1,1,0,0,0,0,1,4,0,0,2,5,0.11,u̯ən
洋,0,1,1,4,0,0,0,0,1,0,0,0,6,1,1.6,i̯ɑŋ
翠,0,0,0,0,0,0,0,1,0,5,1,0,0,7,0.001,t͡sʰu̯ei̯
評,0,0,1,2,4,0,0,0,0,0,0,0,7,0,1000.0,pʰiŋ
蕙,0,0,0,0,0,0,0,0,1,3,3,0,0,7,0.001,xu̯ei̯
鐘,0,0,0,4,2,1,0,0,0,0,0,0,7,0,1000.0,ʈ͡ʂʊŋ
寬,0,1,2,3,1,0,0,0,0,0,0,0,7,0,1000.0,kʰuan
財,0,1,0,2,1,3,0,0,0,0,0,0,7,0,1000.0,t͡sʰai̯
逢,0,0,1,4,0,0,0,0,0,1,1,0,5,2,0.67,fɤŋ
梓,0,1,2,2,0,0,0,0,1,1,0,0,5,2,0.67,t͡sz̩
煜,0,1,2,3,1,0,0,0,0,0,0,0,7,0,1000.0,y
旺,0,0,0,3,2,2,0,0,0,0,0,0,7,0,1000.0,u̯ɑŋ
意,0,0,0,3,2,0,0,0,1,1,0,0,5,2,0.67,i
愷,0,2,3,1,1,0,0,0,0,0,0,0,7,0,1000.0,kʰai̯
千,0,0,1,1,0,1,0,0,1,3,0,0,3,4,0.2,t͡ɕʰi̯ɛn
熙,0,0,2,2,3,0,0,0,0,0,0,0,7,0,1000.0,ɕi
懷,0,0,2,3,2,0,0,0,0,0,0,0,7,0,1000.0,xu̯ai̯
顯,0,0,1,6,0,0,0,0,0,0,0,0,7,0,1000.0,ɕi̯ɛn
乃,0,0,1,0,2,0,0,0,2,1,1,0,3,4,0.2,nai̯
伶,0,0,0,0,0,0,0,1,1,5,0,0,0,7,0.001,liŋ
利,0,0,0,3,1,1,0,0,0,1,1,0,5,2,0.67,li
以,0,0,1,1,2,0,0,1,0,1,1,0,4,3,0.36,i
筑,0,1,0,0,0,0,0,0,3,1,2,0,1,6,0.04,ʈ͡ʂu
亦,0,0,0,5,0,0,0,0,0,2,0,0,5,2,0.67,i
妙,0,0,0,0,0,0,0,0,0,4,3,0,0,7,0.001,mi̯au̯
亭,0,0,0,2,0,0,0,0,2,3,0,0,2,5,0.11,tʰiŋ
康,0,0,2,3,2,0,0,0,0,0,0,0,7,0,1000.0,kʰaŋ
季,0,1,2,4,0,0,0,0,0,0,0,0,7,0,1000.0,t͡ɕi
孝,0,1,0,3,3,0,0,0,0,0,0,0,7,0,1000.0,ɕi̯au̯
芊,0,0,0,0,0,0,0,1,4,1,1,0,0,7,0.001,t͡ɕʰi̯ɛn
力,0,0,0,3,2,1,0,0,0,1,0,0,6,1,1.6,li
吟,0,0,0,0,0,0,0,0,1,5,1,0,0,7,0.001,in
喬,0,1,1,1,1,0,0,0,1,2,0,0,4,3,0.36,t͡ɕʰi̯au̯
伸,0,2,1,3,1,0,0,0,0,0,0,0,7,0,1000.0,ʂən
俞,0,1,1,2,1,0,0,0,1,1,0,0,5,2,0.67,y
延,0,0,2,3,2,0,0,0,0,0,0,0,7,0,1000.0,i̯ɛn
谷,0,0,1,2,2,0,0,1,0,0,0,0,5,1,1.33,ku
臻,0,1,0,1,1,0,0,1,1,1,0,0,3,3,0.27,ʈ͡ʂən
璟,0,0,2,3,0,0,0,0,0,1,0,0,5,1,1.33,t͡ɕiŋ
鎧,0,0,2,3,0,0,0,0,0,1,0,0,5,1,1.33,kʰai̯
潤,0,1,1,1,1,2,0,0,0,0,0,0,6,0,1000.0,ʐu̯ən
萬,0,0,0,2,2,2,0,0,0,0,0,0,6,0,1000.0,u̯an
雨,0,1,1,2,0,1,0,0,0,1,0,0,5,1,1.33,y
上,0,0,2,3,1,0,0,0,0,0,0,0,6,0,1000.0,ʂaŋ
紀,0,0,0,1,1,1,0,1,0,2,0,0,3,3,0.27,t͡ɕi
姿,0,0,0,0,0,0,0,0,2,4,0,0,0,6,0.001,t͡sz̩
泉,0,1,0,3,2,0,0,0,0,0,0,0,6,0,1000.0,t͡ɕʰy̯ɛn
頤,0,1,1,2,0,0,0,1,0,1,0,0,4,2,0.53,i
定,0,0,0,5,1,0,0,0,0,0,0,0,6,0,1000.0,tiŋ
筱,0,0,1,0,0,0,0,1,1,2,1,0,1,5,0.05,ɕi̯au̯
屏,0,0,0,2,0,0,0,0,2,1,1,0,2,4,0.13,pʰiŋ
姵,0,0,0,0,0,0,0,0,2,3,0,1,0,6,0.001,pʰei̯
桓,0,0,3,2,1,0,0,0,0,0,0,0,6,0,1000.0,xuan
嵐,0,1,2,1,1,0,0,0,0,0,1,0,5,1,1.33,lan
淯,1,1,3,0,0,0,0,0,0,1,0,0,5,1,1.33,y
善,0,1,2,2,0,0,0,0,0,1,0,0,5,1,1.33,ʂan
方,0,0,0,1,2,0,0,1,1,0,1,0,3,3,0.27,faŋ
聲,0,1,0,3,2,0,0,0,0,0,0,0,6,0,1000.0,ʂɤŋ
玟,0,0,1,1,0,0,0,0,1,3,0,0,2,4,0.13,u̯ən
玫,0,0,0,0,0,0,0,0,1,2,3,0,0,6,0.001,mei̯
年,0,1,1,1,2,0,0,0,0,1,0,0,5,1,1.33,ni̯ɛn
芸,0,0,0,0,0,0,0,0,1,5,0,0,0,6,0.001,yn
先,0,0,2,2,1,0,0,0,0,1,0,0,5,1,1.33,ɕi̯ɛn
權,0,0,2,2,1,1,0,0,0,0,0,0,6,0,1000.0,t͡ɕʰy̯ɛn
州,0,0,1,1,4,0,0,0,0,0,0,0,6,0,1000.0,ʈ͡ʂoʊ̯
洲,0,0,1,2,3,0,0,0,0,0,0,0,6,0,1000.0,ʈ͡ʂoʊ̯
衡,0,1,3,2,0,0,0,0,0,0,0,0,6,0,1000.0,xɤŋ
獻,0,1,0,3,2,0,0,0,0,0,0,0,6,0,1000.0,ɕi̯ɛn
樂,0,0,3,2,1,0,0,0,0,0,0,0,6,0,1000.0,lɤ
俐,0,0,0,0,0,0,0,1,1,4,0,0,0,6,0.001,li
衍,0,0,1,3,1,1,0,0,0,0,0,0,6,0,1000.0,i̯ɛn
洪,0,0,1,1,3,0,0,0,0,1,0,0,5,1,1.33,xʊŋ
又,0,2,1,2,0,1,0,0,0,0,0,0,6,0,1000.0,i̯oʊ̯
予,0,0,2,1,0,0,0,1,2,0,0,0,3,3,0.27,y
卉,0,0,0,0,0,0,0,1,2,2,1,0,0,6,0.001,xu̯ei̯
鎮,0,0,1,3,2,0,0,0,0,0,0,0,6,0,1000.0,ʈ͡ʂən
通,0,0,0,2,0,3,0,0,0,0,0,0,5,0,1000.0,tʰʊŋ
聯,0,0,1,2,1,1,0,0,0,0,0,0,5,0,1000.0,li̯ɛn
煥,0,1,2,1,1,0,0,0,0,0,0,0,5,0,1000.0,xuan
友,0,1,0,2,1,1,0,0,0,0,0,0,5,0,1000.0,i̯oʊ̯
紳,0,0,0,3,1,1,0,0,0,0,0,0,5,0,1000.0,ʂən
香,0,0,0,1,0,0,0,0,0,2,2,0,1,4,0.07,ɕi̯aŋ
筠,0,0,1,0,0,0,0,0,0,3,1,0,1,4,0.07,yn
泳,0,0,1,2,2,0,0,0,0,0,0,0,5,0,1000.0,i̯ʊŋ
湘,0,0,0,0,1,0,0,0,1,2,1,0,1,4,0.07,ɕi̯aŋ
連,0,0,1,3,1,0,0,0,0,0,0,0,5,0,1000.0,li̯ɛn
勛,0,0,2,1,2,0,0,0,0,0,0,0,5,0,1000.0,ɕyn
璧,0,0,0,3,0,0,0,0,0,1,0,1,3,2,0.4,pi
本,0,0,2,2,1,0,0,0,0,0,0,0,5,0,1000.0,pən
介,0,0,2,1,1,1,0,0,0,0,0,0,5,0,1000.0,t͡ɕi̯ɛ
道,0,0,0,2,2,1,0,0,0,0,0,0,5,0,1000.0,tau̯
斯,0,0,0,1,1,1,0,0,0,0,2,0,3,2,0.4,sz̩
瑾,0,0,1,0,0,0,0,0,2,2,0,0,1,4,0.07,t͡ɕin
云,0,1,0,0,0,0,0,1,1,0,2,0,1,4,0.07,yn
伊,0,0,0,1,0,0,0,0,1,3,0,0,1,4,0.07,i
侑,0,1,1,2,0,0,0,0,0,0,1,0,4,1,1.07,i̯oʊ̯
苡,0,1,0,0,0,0,0,0,1,3,0,0,1,4,0.07,i
璿,0,0,1,1,2,0,0,0,1,0,0,0,4,1,1.07,ɕyan
田,0,0,0,1,2,2,0,0,0,0,0,0,5,0,1000.0,tʰi̯ɛn
琇,0,0,0,0,0,0,0,1,1,3,0,0,0,5,0.001,ɕi̯oʊ̯
自,0,0,1,1,1,1,0,0,0,0,1,0,4,1,1.07,t͡sz̩
霜,0,0,0,0,0,0,0,0,0,3,2,0,0,5,0.001,ʂu̯ɑŋ
可,0,0,2,0,1,0,0,0,2,0,0,0,3,2,0.4,kʰɤ
烈,0,0,0,4,0,1,0,0,0,0,0,0,5,0,1000.0,li̯ɛ
澔,0,1,2,2,0,0,0,0,0,0,0,0,5,0,1000.0,xau̯
耿,0,0,2,1,2,0,0,0,0,0,0,0,5,0,1000.0,kɤŋ
穗,0,0,1,0,0,0,0,0,0,2,2,0,1,4,0.07,su̯ei̯
釗,0,0,1,2,1,0,0,0,0,0,1,0,4,1,1.07,ʈ͡ʂau̯
葳,0,0,1,0,0,0,0,1,0,3,0,0,1,4,0.07,u̯ei̯
菱,0,0,0,0,0,0,0,0,3,2,0,0,0,5,0.001,liŋ
允,0,1,2,1,0,0,0,0,1,0,0,0,4,1,1.07,yn
薇,0,0,0,0,0,0,0,0,0,4,1,0,0,5,0.001,u̯ei̯
甄,0,0,0,0,0,0,0,0,1,4,0,0,0,5,0.001,ʈ͡ʂən
榕,0,0,0,3,0,0,0,0,2,0,0,0,3,2,0.4,ʐʊŋ
韻,0,0,0,1,0,0,0,1,1,0,2,0,1,4,0.07,yn
灝,0,1,3,1,0,0,0,0,0,0,0,0,5,0,1000.0,xau̯
婕,0,0,0,0,0,0,0,0,3,2,0,0,0,5,0.001,t͡ɕi̯ɛ
妮,0,0,0,0,0,0,0,0,0,3,2,0,0,5,0.001,ni
葦,0,1,0,3,0,0,0,0,0,1,0,0,4,1,1.07,u̯ei̯
唯,0,1,2,0,0,0,0,0,0,2,0,0,3,2,0.4,u̯ei̯
期,0,0,2,1,1,0,0,0,0,1,0,0,4,1,1.07,t͡ɕʰi
廸,0,0,1,2,1,0,0,0,0,1,0,0,4,1,1.07,ti
懋,0,0,1,4,0,0,0,0,0,0,0,0,5,0,1000.0,mau̯
郎,0,0,0,2,2,1,0,0,0,0,0,0,5,0,1000.0,laŋ
能,0,0,1,2,2,0,0,0,0,0,0,0,5,0,1000.0,nɤŋ
見,0,0,0,3,1,1,0,0,0,0,0,0,5,0,1000.0,t͡ɕi̯ɛn
蓮,0,0,0,0,0,0,0,0,0,4,0,1,0,5,0.001,li̯ɛn
芝,0,0,0,0,0,0,0,1,0,3,0,0,0,4,0.001,ʈ͡ʂz̩
運,0,0,0,2,1,1,0,0,0,0,0,0,4,0,1000.0,yn
希,0,0,1,2,0,0,0,0,1,0,0,0,3,1,0.8,ɕi
勲,0,0,1,3,0,0,0,0,0,0,0,0,4,0,1000.0,ɕyn
念,0,1,0,0,1,0,0,0,1,1,0,0,2,2,0.27,ni̯ɛn
詮,0,2,0,2,0,0,0,0,0,0,0,0,4,0,1000.0,t͡ɕʰy̯ɛn
焜,0,0,1,1,2,0,0,0,0,0,0,0,4,0,1000.0,kʰu̯ən
彤,0,0,0,0,0,0,0,0,3,1,0,0,0,4,0.001,tʰʊŋ
飛,0,1,2,0,1,0,0,0,0,0,0,0,4,0,1000.0,fei̯
百,0,0,0,1,1,2,0,0,0,0,0,0,4,0,1000.0,pai̯
紫,0,0,0,0,0,1,0,0,2,0,1,0,1,3,0.09,t͡sz̩
劍,0,0,1,0,2,0,0,0,0,1,0,0,3,1,0.8,t͡ɕi̯ɛn
琴,0,0,0,0,0,0,0,0,0,3,1,0,0,4,0.001,t͡ɕʰin
才,0,0,0,1,3,0,0,0,0,0,0,0,4,0,1000.0,t͡sʰai̯
炎,0,0,0,0,2,1,0,0,0,0,1,0,3,1,0.8,i̯ɛn
禹,0,0,3,1,0,0,0,0,0,0,0,0,4,0,1000.0,y
晴,0,0,0,1,0,0,0,1,0,2,0,0,1,3,0.09,t͡ɕʰiŋ
典,0,0,3,1,0,0,0,0,0,0,0,0,4,0,1000.0,ti̯ɛn
馥,0,0,1,0,1,0,0,0,0,2,0,0,2,2,0.27,fu
昂,0,0,2,1,0,1,0,0,0,0,0,0,4,0,1000.0,aŋ
寰,0,2,0,0,1,1,0,0,0,0,0,0,4,0,1000.0,xuan
同,0,0,1,1,2,0,0,0,0,0,0,0,4,0,1000.0,tʰʊŋ
勁,0,0,2,2,0,0,0,0,0,0,0,0,4,0,1000.0,t͡ɕin
瑀,0,2,1,0,0,0,0,0,0,1,0,0,3,1,0.8,y
嬌,0,0,0,0,0,0,0,0,0,0,3,1,0,4,0.001,t͡ɕi̯au̯
丰,0,0,0,2,0,0,0,0,0,1,1,0,2,2,0.27,fɤŋ
翎,0,0,0,0,0,0,0,1,1,1,1,0,0,4,0.001,liŋ
陞,0,0,4,0,0,0,0,0,0,0,0,0,4,0,1000.0,ʂɤŋ
琨,0,1,2,1,0,0,0,0,0,0,0,0,4,0,1000.0,kʰu̯ən
喜,0,0,0,2,0,0,0,0,0,2,0,0,2,2,0.27,ɕi
迪,0,0,2,2,0,0,0,0,0,0,0,0,4,0,1000.0,ti
紋,0,0,0,1,0,0,0,0,0,3,0,0,1,3,0.09,u̯ən
軍,0,1,0,1,0,1,0,0,1,0,0,0,3,1,0.8,t͡ɕyn
貽,0,0,2,1,0,0,0,1,0,0,0,0,3,1,0.8,i
炫,0,0,1,0,2,1,0,0,0,0,0,0,4,0,1000.0,ɕyan
玄,0,0,1,3,0,0,0,0,0,0,0,0,4,0,1000.0,ɕyan
泊,0,0,2,1,1,0,0,0,0,0,0,0,4,0,1000.0,pʰu̯ɔ
廣,0,0,1,2,1,0,0,0,0,0,0,0,4,0,1000.0,ku̯ɑŋ
茵,0,0,0,0,0,0,0,0,2,2,0,0,0,4,0.001,in
棟,0,0,1,1,1,1,0,0,0,0,0,0,4,0,1000.0,tʊŋ
凌,0,0,0,0,1,0,0,0,1,2,0,0,1,3,0.09,liŋ
枝,0,0,2,0,1,0,0,0,0,0,1,0,3,1,0.8,ʈ͡ʂz̩
卓,0,0,2,2,0,0,0,0,0,0,0,0,4,0,1000.0,ʈ͡ʂu̯ɔ
水,0,0,0,1,1,2,0,0,0,0,0,0,4,0,1000.0,ʂu̯ei̯
則,0,0,1,2,1,0,0,0,0,0,0,0,4,0,1000.0,t͡sɤ
科,0,0,0,2,2,0,0,0,0,0,0,0,4,0,1000.0,kʰɤ
映,0,0,1,0,0,0,0,0,1,2,0,0,1,3,0.09,iŋ
尹,0,0,1,2,0,0,0,0,0,1,0,0,3,1,0.8,in
崧,0,0,0,2,1,1,0,0,0,0,0,0,4,0,1000.0,sʊŋ
蔚,0,0,2,1,0,0,0,0,0,0,0,1,3,1,0.8,u̯ei̯
賜,0,0,0,0,4,0,0,0,0,0,0,0,4,0,1000.0,t͡sʰz̩
在,0,0,1,1,2,0,0,0,0,0,0,0,4,0,1000.0,t͡sai̯
佐,0,0,0,2,1,1,0,0,0,0,0,0,4,0,1000.0,t͡su̯ɔ
材,0,1,1,0,2,0,0,0,0,0,0,0,4,0,1000.0,t͡sʰai̯
騏,0,1,1,1,1,0,0,0,0,0,0,0,4,0,1000.0,t͡ɕʰi
存,0,0,0,1,3,0,0,0,0,0,0,0,4,0,1000.0,t͡sʰu̯ən
嫻,0,0,0,0,0,0,0,0,1,2,1,0,0,4,0.001,ɕi̯ɛn
祿,0,0,0,1,3,0,0,0,0,0,0,0,4,0,1000.0,lu
舒,0,0,0,0,0,0,0,0,1,3,0,0,0,4,0.001,ʂu
增,0,1,0,0,1,2,0,0,0,0,0,0,4,0,1000.0,t͡sɤŋ
震,0,0,2,2,0,0,0,0,0,0,0,0,4,0,1000.0,ʈ͡ʂən
劭,0,0,3,1,0,0,0,0,0,0,0,0,4,0,1000.0,ʂau̯
來,0,1,0,0,2,1,0,0,0,0,0,0,4,0,1000.0,lai̯
貿,0,0,0,3,1,0,0,0,0,0,0,0,4,0,1000.0,mau̯
稚,0,1,0,2,0,0,0,0,1,0,0,0,3,1,0.8,ʈ͡ʂz̩
鶴,0,1,0,0,1,0,0,0,1,1,0,0,2,2,0.27,xɤ
琬,0,0,0,0,0,0,0,0,1,3,0,0,0,4,0.001,u̯an
時,0,0,0,3,0,0,0,0,0,1,0,0,3,1,0.8,ʂz̩
綾,0,0,0,0,0,0,0,0,1,2,1,0,0,4,0.001,liŋ
輔,0,0,1,2,1,0,0,0,0,0,0,0,4,0,1000.0,fu
保,0,0,0,1,3,0,0,0,0,0,0,0,4,0,1000.0,pau̯
瀅,0,0,0,0,0,0,0,0,0,3,0,0,0,3,0.001,iŋ
柱,0,0,0,0,2,1,0,0,0,0,0,0,3,0,1000.0,ʈ͡ʂu
倍,0,0,1,2,0,0,0,0,0,0,0,0,3,0,1000.0,pei̯
渝,0,0,1,0,0,0,0,0,1,0,1,0,1,2,0.13,y
專,0,0,0,1,1,1,0,0,0,0,0,0,3,0,1000.0,ʈ͡ʂuan
錡,0,1,1,1,0,0,0,0,0,0,0,0,3,0,1000.0,t͡ɕʰi
台,0,0,0,2,1,0,0,0,0,0,0,0,3,0,1000.0,tʰai̯
紅,0,0,0,0,0,1,0,0,0,0,2,0,1,2,0.13,xʊŋ
晃,0,0,0,2,1,0,0,0,0,0,0,0,3,0,1000.0,xu̯ɑŋ
諾,0,1,1,1,0,0,0,0,0,0,0,0,3,0,1000.0,nu̯ɔ
岱,0,0,1,0,0,0,0,0,1,0,1,0,1,2,0.13,tai̯
瑢,0,0,0,0,0,0,0,0,2,1,0,0,0,3,0.001,ʐʊŋ
寅,0,0,0,1,2,0,0,0,0,0,0,0,3,0,1000.0,in
樟,0,0,0,2,1,0,0,0,0,0,0,0,3,0,1000.0,ʈ͡ʂaŋ
驊,0,0,2,1,0,0,0,0,0,0,0,0,3,0,1000.0,xua
篤,0,0,0,1,0,1,0,1,0,0,0,0,2,1,0.53,tu
杏,0,0,0,0,0,0,0,0,0,3,0,0,0,3,0.001,ɕiŋ
彩,0,0,0,0,0,0,0,0,0,1,2,0,0,3,0.001,t͡sʰai̯
采,0,0,0,0,0,0,0,1,0,2,0,0,0,3,0.001,t͡sʰai̯
亘,0,0,3,0,0,0,0,0,0,0,0,0,3,0,1000.0,kən
娜,0,0,0,0,0,0,0,0,2,1,0,0,0,3,0.001,na
艾,0,0,0,0,0,0,0,0,0,3,0,0,0,3,0.001,ai̯
高,0,0,1,0,1,1,0,0,0,0,0,0,3,0,1000.0,kau̯
微,0,0,0,0,0,0,0,1,0,1,1,0,0,3,0.001,u̯ei̯
皇,0,0,0,3,0,0,0,0,0,0,0,0,3,0,1000.0,xu̯ɑŋ
理,0,0,0,2,0,1,0,0,0,0,0,0,3,0,1000.0,li
詔,0,0,0,1,1,0,0,0,1,0,0,0,2,1,0.53,ʈ͡ʂau̯
根,0,0,0,2,1,0,0,0,0,0,0,0,3,0,1000.0,kən
丹,0,0,0,1,0,0,0,0,0,2,0,0,1,2,0.13,tan
暄,0,0,2,1,0,0,0,0,0,0,0,0,3,0,1000.0,ɕyan
乾,0,0,1,1,1,0,0,0,0,0,0,0,3,0,1000.0,t͡ɕʰi̯ɛn
京,0,1,1,1,0,0,0,0,0,0,0,0,3,0,1000.0,t͡ɕiŋ
楨,0,1,1,0,0,1,0,0,0,0,0,0,3,0,1000.0,ʈ͡ʂən
楚,0,0,0,2,0,0,0,0,1,0,0,0,2,1,0.53,ʈ͡ʂʰu
鋐,0,0,0,1,2,0,0,0,0,0,0,0,3,0,1000.0,xʊŋ
魁,0,0,2,0,1,0,0,0,0,0,0,0,3,0,1000.0,kʰu̯ei̯
太,0,0,1,1,0,1,0,0,0,0,0,0,3,0,1000.0,tʰai̯
言,0,0,0,3,0,0,0,0,0,0,0,0,3,0,1000.0,i̯ɛn
錚,0,0,0,2,1,0,0,0,0,0,0,0,3,0,1000.0,ʈ͡ʂɤŋ
木,0,0,1,0,1,1,0,0,0,0,0,0,3,0,1000.0,mu
結,0,0,0,1,1,1,0,0,0,0,0,0,3,0,1000.0,t͡ɕi̯ɛ
謹,0,0,1,1,1,0,0,0,0,0,0,0,3,0,1000.0,t͡ɕin
沐,0,0,1,1,0,0,0,0,0,0,1,0,2,1,0.53,mu
銳,0,1,2,0,0,0,0,0,0,0,0,0,3,0,1000.0,ʐu̯ei̯
合,0,0,1,0,1,0,0,0,1,0,0,0,2,1,0.53,xɤ
律,0,0,1,1,0,0,0,0,1,0,0,0,2,1,0.53,lv
暘,0,0,1,2,0,0,0,0,0,0,0,0,3,0,1000.0,i̯ɑŋ
妍,0,0,0,0,0,0,0,1,0,1,0,1,0,3,0.001,i̯ɛn
頴,0,0,1,2,0,0,0,0,0,0,0,0,3,0,1000.0,iŋ
招,0,0,1,0,1,1,0,0,0,0,0,0,3,0,1000.0,ʈ͡ʂau̯
樵,0,0,0,2,0,1,0,0,0,0,0,0,3,0,1000.0,t͡ɕʰi̯au̯
澂,0,0,1,1,0,0,0,0,0,0,1,0,2,1,0.53,ʈ͡ʂʰɤŋ
格,0,0,1,1,1,0,0,0,0,0,0,0,3,0,1000.0,kɤ
芩,0,0,0,0,0,0,0,0,1,2,0,0,0,3,0.001,t͡ɕʰin
協,0,0,1,1,1,0,0,0,0,0,0,0,3,0,1000.0,ɕi̯ɛ
釧,0,0,0,2,1,0,0,0,0,0,0,0,3,0,1000.0,ʈ͡ʂʰuan
榆,0,0,0,2,0,0,0,0,0,0,1,0,2,1,0.53,y
滄,0,0,0,2,1,0,0,0,0,0,0,0,3,0,1000.0,t͡sʰaŋ
耘,0,1,0,0,0,0,0,1,0,1,0,0,1,2,0.13,yn
璽,0,0,0,2,1,0,0,0,0,0,0,0,3,0,1000.0,ɕi
初,0,0,0,2,0,1,0,0,0,0,0,0,3,0,1000.0,ʈ͡ʂʰu
頡,0,1,1,1,0,0,0,0,0,0,0,0,3,0,1000.0,ɕi̯ɛ
葶,0,0,0,0,0,0,0,2,0,1,0,0,0,3,0.001,tʰiŋ
厚,0,0,1,0,1,1,0,0,0,0,0,0,3,0,1000.0,xoʊ̯
薰,0,0,0,0,1,0,0,0,1,1,0,0,1,2,0.13,ɕyn
喨,0,0,0,2,1,0,0,0,0,0,0,0,3,0,1000.0,li̯aŋ
媛,0,0,0,0,0,0,0,1,0,1,1,0,0,3,0.001,y̯ɛn
丁,0,0,1,1,1,0,0,0,0,0,0,0,3,0,1000.0,tiŋ
楓,0,0,1,1,0,0,0,0,0,1,0,0,2,1,0.53,fɤŋ
昊,0,0,1,1,1,0,0,0,0,0,0,0,3,0,1000.0,xau̯
熹,0,0,1,2,0,0,0,0,0,0,0,0,3,0,1000.0,ɕi
菲,0,0,0,0,0,0,0,0,1,1,1,0,0,3,0.001,fei̯
助,0,0,0,2,1,0,0,0,0,0,0,0,3,0,1000.0,ʈ͡ʂu
絢,0,0,1,0,0,0,0,0,0,2,0,0,1,2,0.13,ɕyan
衛,0,0,0,3,0,0,0,0,0,0,0,0,3,0,1000.0,u̯ei̯
江,0,0,1,1,1,0,0,0,0,0,0,0,3,0,1000.0,t͡ɕi̯aŋ
賀,0,0,1,1,0,1,0,0,0,0,0,0,3,0,1000.0,xɤ
燦,0,0,0,0,2,1,0,0,0,0,0,0,3,0,1000.0,t͡sʰan
應,0,0,1,2,0,0,0,0,0,0,0,0,3,0,1000.0,iŋ
杉,0,0,0,2,1,0,0,0,0,0,0,0,3,0,1000.0,ʂan
燁,0,0,0,2,1,0,0,0,0,0,0,0,3,0,1000.0,i̯ɛ
淞,0,0,1,1,0,0,0,1,0,0,0,0,2,1,0.53,sʊŋ
菘,0,1,0,2,0,0,0,0,0,0,0,0,3,0,1000.0,sʊŋ
譯,0,0,2,1,0,0,0,0,0,0,0,0,3,0,1000.0,i
鍵,0,0,0,3,0,0,0,0,0,0,0,0,3,0,1000.0,t͡ɕi̯ɛn
印,0,0,1,1,0,0,0,0,0,0,0,1,2,1,0.53,in
敦,0,0,1,0,2,0,0,0,0,0,0,0,3,0,1000.0,tu̯ən
穆,0,1,0,2,0,0,0,0,0,0,0,0,3,0,1000.0,mu
崑,0,0,0,1,1,0,0,0,0,0,0,0,2,0,1000.0,kʰu̯ən
忻,0,0,1,0,0,0,0,0,1,0,0,0,1,1,0.27,ɕin
瑨,0,1,0,0,0,0,0,0,1,0,0,0,1,1,0.27,t͡ɕin
湖,0,0,0,2,0,0,0,0,0,0,0,0,2,0,1000.0,xu
愛,0,0,0,0,1,0,0,0,0,1,0,0,1,1,0.27,ai̯
溱,0,0,0,0,0,0,0,0,1,1,0,0,0,2,0.001,t͡ɕʰin
黃,0,0,0,1,1,0,0,0,0,0,0,0,2,0,1000.0,xu̯ɑŋ
贊,0,0,0,2,0,0,0,0,0,0,0,0,2,0,1000.0,t͡san
諄,0,1,0,0,0,0,0,0,0,1,0,0,1,1,0.27,ʈ͡ʂu̯ən
孜,0,1,0,0,0,0,0,0,1,0,0,0,1,1,0.27,t͡sz̩
嶽,0,0,0,1,1,0,0,0,0,0,0,0,2,0,1000.0,y̯ɛ
娥,0,0,0,0,0,0,0,0,0,1,1,0,0,2,0.001,ɤ
農,0,0,0,1,0,1,0,0,0,0,0,0,2,0,1000.0,nʊŋ
倉,0,1,0,0,1,0,0,0,0,0,0,0,2,0,1000.0,t͡sʰaŋ
居,0,0,0,0,1,1,0,0,0,0,0,0,2,0,1000.0,t͡ɕy
溢,0,0,1,1,0,0,0,0,0,0,0,0,2,0,1000.0,i
阿,0,0,0,1,1,0,0,0,0,0,0,0,2,0,1000.0,a
憶,0,0,0,2,0,0,0,0,0,0,0,0,2,0,1000.0,i
妘,0,0,0,0,0,0,0,0,1,1,0,0,0,2,0.001,yn
徵,0,0,0,0,1,1,0,0,0,0,0,0,2,0,1000.0,ʈ͡ʂɤŋ
雋,0,0,2,0,0,0,0,0,0,0,0,0,2,0,1000.0,t͡ɕyan
肅,0,0,0,1,1,0,0,0,0,0,0,0,2,0,1000.0,su
淇,0,0,1,0,0,1,0,0,0,0,0,0,2,0,1000.0,t͡ɕʰi
必,0,0,0,1,1,0,0,0,0,0,0,0,2,0,1000.0,pi
統,0,0,0,1,1,0,0,0,0,0,0,0,2,0,1000.0,tʰʊŋ
芮,0,0,0,1,0,0,0,1,0,0,0,0,1,1,0.27,ʐu̯ei̯
曼,0,0,0,0,0,0,0,0,0,2,0,0,0,2,0.001,man
殷,0,0,0,1,1,0,0,0,0,0,0,0,2,0,1000.0,in
向,0,0,0,2,0,0,0,0,0,0,0,0,2,0,1000.0,ɕi̯aŋ
標,0,0,0,0,1,1,0,0,0,0,0,0,2,0,1000.0,pi̯au̯
蜀,0,0,0,0,0,1,0,0,0,0,1,0,1,1,0.27,ʂu
相,0,0,0,1,1,0,0,0,0,0,0,0,2,0,1000.0,ɕi̯aŋ
擇,0,0,0,1,1,0,0,0,0,0,0,0,2,0,1000.0,t͡sɤ
芹,0,0,0,0,0,0,0,0,0,0,2,0,0,2,0.001,t͡ɕʰin
喻,0,0,0,0,0,0,0,0,1,0,1,0,0,2,0.001,y
後,0,0,0,1,1,0,0,0,0,0,0,0,2,0,1000.0,xoʊ̯
潮,0,0,0,0,2,0,0,0,0,0,0,0,2,0,1000.0,ʈ͡ʂʰau̯
模,0,0,0,2,0,0,0,0,0,0,0,0,2,0,1000.0,mu̯ɔ
咸,0,0,2,0,0,0,0,0,0,0,0,0,2,0,1000.0,ɕi̯ɛn
享,0,0,0,1,0,0,0,0,0,1,0,0,1,1,0.27,ɕi̯aŋ
珈,0,0,0,1,0,0,0,0,0,0,1,0,1,1,0.27,t͡ɕi̯ä
淦,0,0,0,0,2,0,0,0,0,0,0,0,2,0,1000.0,kan
悅,0,0,0,0,0,0,0,0,1,0,1,0,0,2,0.001,y̯ɛ
猷,0,0,0,1,1,0,0,0,0,0,0,0,2,0,1000.0,i̯oʊ̯
竑,0,0,1,1,0,0,0,0,0,0,0,0,2,0,1000.0,xʊŋ
濬,0,0,0,2,0,0,0,0,0,0,0,0,2,0,1000.0,t͡ɕyn
量,0,0,0,2,0,0,0,0,0,0,0,0,2,0,1000.0,li̯aŋ
訓,0,0,1,1,0,0,0,0,0,0,0,0,2,0,1000.0,ɕyn
强,0,0,0,1,1,0,0,0,0,0,0,0,2,0,1000.0,t͡ɕʰi̯aŋ
濃,0,0,0,0,1,0,0,0,1,0,0,0,1,1,0.27,nʊŋ
盟,0,0,0,0,2,0,0,0,0,0,0,0,2,0,1000.0,mɤŋ
積,0,0,0,1,1,0,0,0,0,0,0,0,2,0,1000.0,t͡ɕi
桐,0,0,0,1,1,0,0,0,0,0,0,0,2,0,1000.0,tʰʊŋ
濂,0,0,0,1,1,0,0,0,0,0,0,0,2,0,1000.0,li̯ɛn
朋,0,0,0,2,0,0,0,0,0,0,0,0,2,0,1000.0,pʰɤŋ
浦,0,0,1,0,1,0,0,0,0,0,0,0,2,0,1000.0,pʰu
夆,0,0,2,0,0,0,0,0,0,0,0,0,2,0,1000.0,fɤŋ
纓,0,0,0,0,0,0,0,0,0,2,0,0,0,2,0.001,iŋ
雰,0,0,0,0,0,0,0,0,1,1,0,0,0,2,0.001,fən
塵,0,0,0,2,0,0,0,0,0,0,0,0,2,0,1000.0,ʈ͡ʂʰən
濠,0,0,1,1,0,0,0,0,0,0,0,0,2,0,1000.0,xau̯
慕,0,0,1,0,0,0,0,0,1,0,0,0,1,1,0.27,mu
陵,0,0,0,1,0,0,0,0,0,1,0,0,1,1,0.27,liŋ
菀,0,0,0,0,0,0,0,0,0,2,0,0,0,2,0.001,u̯an
栢,0,0,2,0,0,0,0,0,0,0,0,0,2,0,1000.0,pai̯
霈,0,1,0,0,0,0,0,0,1,0,0,0,1,1,0.27,pʰei̯
戎,0,0,1,0,1,0,0,0,0,0,0,0,2,0,1000.0,ʐʊŋ
己,0,1,0,1,0,0,0,0,0,0,0,0,2,0,1000.0,t͡ɕi
祈,0,0,1,1,0,0,0,0,0,0,0,0,2,0,1000.0,t͡ɕʰi
耕,0,0,1,0,1,0,0,0,0,0,0,0,2,0,1000.0,kɤŋ
幀,0,0,2,0,0,0,0,0,0,0,0,0,2,0,1000.0,ʈ͡ʂɤŋ
徽,0,0,0,0,1,0,0,0,0,0,1,0,1,1,0.27,xu̯ei̯
緁,0,0,0,0,0,0,0,0,0,2,0,0,0,2,0.001,t͡ɕʰi̯ɛ
嫺,0,0,0,0,0,0,0,0,0,1,1,0,0,2,0.001,ɕi̯ɛn
足,0,0,0,0,0,0,0,0,0,1,1,0,0,2,0.001,t͡su
妏,0,0,0,0,0,0,0,0,1,0,1,0,0,2,0.001,u̯ən
悟,0,0,0,1,1,0,0,0,0,0,0,0,2,0,1000.0,u
聿,0,1,0,0,0,0,0,1,0,0,0,0,1,1,0.27,y
鉦,0,0,0,1,1,0,0,0,0,0,0,0,2,0,1000.0,ʈ͡ʂɤŋ
苓,0,0,0,0,0,0,0,0,1,1,0,0,0,2,0.001,liŋ
議,0,0,0,0,1,1,0,0,0,0,0,0,2,0,1000.0,i
庶,0,1,0,0,0,1,0,0,0,0,0,0,2,0,1000.0,ʂu
炯,0,0,0,1,1,0,0,0,0,0,0,0,2,0,1000.0,t͡ɕi̯ʊŋ
舉,0,0,0,2,0,0,0,0,0,0,0,0,2,0,1000.0,t͡ɕy
棻,0,0,0,1,0,0,0,0,0,1,0,0,1,1,0.27,fən
張,0,1,1,0,0,0,0,0,0,0,0,0,2,0,1000.0,ʈ͡ʂaŋ
顥,0,0,0,1,1,0,0,0,0,0,0,0,2,0,1000.0,xau̯
瀛,0,0,0,0,1,1,0,0,0,0,0,0,2,0,1000.0,iŋ
溥,0,0,1,0,0,0,0,0,1,0,0,0,1,1,0.27,pʰu
涼,0,0,0,0,0,0,0,0,0,1,0,1,0,2,0.001,li̯aŋ
周,0,0,0,2,0,0,0,0,0,0,0,0,2,0,1000.0,ʈ͡ʂoʊ̯
珠,0,0,0,0,0,0,0,0,0,1,0,1,0,2,0.001,ʈ͡ʂu
庚,0,1,0,1,0,0,0,0,0,0,0,0,2,0,1000.0,kɤŋ
芯,0,0,0,0,0,0,0,0,0,2,0,0,0,2,0.001,ɕin
端,0,0,0,0,0,1,0,0,0,0,1,0,1,1,0.27,tuan
銀,0,0,0,0,0,1,0,0,0,0,1,0,1,1,0.27,in
蒼,0,0,0,0,2,0,0,0,0,0,0,0,2,0,1000.0,t͡sʰaŋ
丕,1,0,0,1,0,0,0,0,0,0,0,0,2,0,1000.0,pʰi
譽,0,0,0,1,1,0,0,0,0,0,0,0,2,0,1000.0,y
絜,0,0,0,0,0,0,0,0,1,1,0,0,0,2,0.001,t͡ɕi̯ɛ
虎,0,0,0,0,1,1,0,0,0,0,0,0,2,0,1000.0,xu
作,0,0,0,1,1,0,0,0,0,0,0,0,2,0,1000.0,t͡su̯ɔ
茲,0,0,0,0,1,1,0,0,0,0,0,0,2,0,1000.0,t͡sz̩
申,0,0,1,0,1,0,0,0,0,0,0,0,2,0,1000.0,ʂən
鐿,0,0,0,0,1,0,0,0,0,1,0,0,1,1,0.27,i
繁,0,0,0,0,2,0,0,0,0,0,0,0,2,0,1000.0,fan
伃,0,0,0,0,0,0,0,0,0,2,0,0,0,2,0.001,y
椿,0,0,0,1,0,1,0,0,0,0,0,0,2,0,1000.0,ʈ͡ʂʰu̯ən
胤,0,1,0,1,0,0,0,0,0,0,0,0,2,0,1000.0,in
銅,0,0,0,1,0,1,0,0,0,0,0,0,2,0,1000.0,tʰʊŋ
歐,0,0,1,0,0,0,0,0,0,1,0,0,1,1,0.27,oʊ̯
蓓,0,0,0,0,0,0,0,0,1,0,1,0,0,2,0.001,pei̯
尉,0,0,0,1,1,0,0,0,0,0,0,0,2,0,1000.0,u̯ei̯
仰,0,1,0,1,0,0,0,0,0,0,0,0,2,0,1000.0,i̯ɑŋ
晁,0,1,0,1,0,0,0,0,0,0,0,0,2,0,1000.0,ʈ͡ʂʰau̯
箏,0,1,0,1,0,0,0,0,0,0,0,0,2,0,1000.0,ʈ͡ʂɤŋ
語,0,1,0,1,0,0,0,0,0,0,0,0,2,0,1000.0,y
珏,0,0,0,2,0,0,0,0,0,0,0,0,2,0,1000.0,t͡ɕyɤ
岡,0,1,0,1,0,0,0,0,0,0,0,0,2,0,1000.0,kaŋ
燊,0,0,1,1,0,0,0,0,0,0,0,0,2,0,1000.0,ʂən
賞,0,0,0,1,1,0,0,0,0,0,0,0,2,0,1000.0,ʂaŋ
仙,0,0,0,0,0,0,0,0,0,0,1,1,0,2,0.001,ɕi̯ɛn
嵩,0,0,1,0,1,0,0,0,0,0,0,0,2,0,1000.0,sʊŋ
甯,0,1,0,0,0,0,0,0,0,0,1,0,1,1,0.27,niŋ
擎,0,0,0,1,1,0,0,0,0,0,0,0,2,0,1000.0,t͡ɕʰiŋ
禧,0,0,1,0,0,0,0,1,0,0,0,0,1,1,0.27,ɕi
珉,0,0,1,0,1,0,0,0,0,0,0,0,2,0,1000.0,min
字,0,1,0,0,1,0,0,0,0,0,0,0,2,0,1000.0,t͡sz̩
三,0,0,1,0,0,1,0,0,0,0,0,0,2,0,1000.0,san
硯,0,0,0,1,1,0,0,0,0,0,0,0,2,0,1000.0,i̯ɛn
溪,0,0,0,0,1,1,0,0,0,0,0,0,2,0,1000.0,ɕi
頌,0,0,0,1,0,0,0,0,1,0,0,0,1,1,0.27,sʊŋ
雙,0,0,0,2,0,0,0,0,0,0,0,0,2,0,1000.0,ʂu̯ɑŋ
燈,0,0,0,1,1,0,0,0,0,0,0,0,2,0,1000.0,tɤŋ
嗣,0,0,1,1,0,0,0,0,0,0,0,0,2,0,1000.0,sz̩
讚,0,0,0,1,1,0,0,0,0,0,0,0,2,0,1000.0,t͡san
競,0,0,2,0,0,0,0,0,0,0,0,0,2,0,1000.0,t͡ɕiŋ
境,0,0,0,0,2,0,0,0,0,0,0,0,2,0,1000.0,t͡ɕiŋ
沁,0,0,0,0,0,0,0,0,1,1,0,0,0,2,0.001,t͡ɕʰin
琛,0,0,0,1,0,0,0,0,1,0,0,0,1,1,0.27,ʈ͡ʂʰən
觀,0,0,0,0,1,0,0,0,0,1,0,0,1,1,0.27,kuan
傅,0,0,1,1,0,0,0,0,0,0,0,0,2,0,1000.0,fu
井,0,0,0,1,1,0,0,0,0,0,0,0,2,0,1000.0,t͡ɕiŋ
恭,0,0,0,0,2,0,0,0,0,0,0,0,2,0,1000.0,kʊŋ
日,0,0,0,0,1,1,0,0,0,0,0,0,2,0,1000.0,ʐ̩
嶸,0,1,0,0,1,0,0,0,0,0,0,0,2,0,1000.0,ʐʊŋ
佾,0,0,1,1,0,0,0,0,0,0,0,0,2,0,1000.0,i
澄,0,0,1,1,0,0,0,0,0,0,0,0,2,0,1000.0,ʈ͡ʂʰɤŋ
委,0,1,0,1,0,0,0,0,0,0,0,0,2,0,1000.0,u̯ei̯
禾,0,1,0,1,0,0,0,0,0,0,0,0,2,0,1000.0,xɤ
沅,0,1,1,0,0,0,0,0,0,0,0,0,2,0,1000.0,y̯ɛn
瀞,0,0,0,0,0,0,0,0,0,1,1,0,0,2,0.001,t͡ɕiŋ
栓,0,0,1,1,0,0,0,0,0,0,0,0,2,0,1000.0,ʂuan
爾,0,0,1,1,0,0,0,0,0,0,0,0,2,0,1000.0,ɻ̩
禕,0,0,1,0,0,0,0,0,0,1,0,0,1,1,0.27,i
喆,0,0,1,1,0,0,0,0,0,0,0,0,2,0,1000.0,ʈ͡ʂɤ
荃,0,0,1,1,0,0,0,0,0,0,0,0,2,0,1000.0,t͡ɕʰy̯ɛn
寗,0,0,0,0,0,0,0,1,1,0,0,0,0,2,0.001,niŋ
壽,0,0,0,0,2,0,0,0,0,0,0,0,2,0,1000.0,ʂoʊ̯
羲,0,1,1,0,0,0,0,0,0,0,0,0,2,0,1000.0,ɕi
萁,0,0,0,2,0,0,0,0,0,0,0,0,2,0,1000.0,t͡ɕʰi
芷,0,0,0,0,0,0,0,2,0,0,0,0,0,2,0.001,ʈ͡ʂz̩
磊,0,1,1,0,0,0,0,0,0,0,0,0,2,0,1000.0,lei̯
寓,0,1,1,0,0,0,0,0,0,0,0,0,2,0,1000.0,y
樑,0,0,0,1,1,0,0,0,0,0,0,0,2,0,1000.0,li̯aŋ
頂,0,0,0,1,0,1,0,0,0,0,0,0,2,0,1000.0,tiŋ
沂,0,0,0,1,0,0,0,0,0,1,0,0,1,1,0.27,i
銜,0,0,1,1,0,0,0,0,0,0,0,0,2,0,1000.0,ɕi̯ɛn
曙,0,0,0,0,2,0,0,0,0,0,0,0,2,0,1000.0,ʂu
勻,0,0,1,1,0,0,0,0,0,0,0,0,2,0,1000.0,yn
勵,0,0,0,0,1,0,0,0,0,0,1,0,1,1,0.27,li
薫,0,0,0,0,0,0,0,0,1,1,0,0,0,2,0.001,ɕyn
宙,0,0,0,1,1,0,0,0,0,0,0,0,2,0,1000.0,ʈ͡ʂoʊ̯
比,0,0,0,0,1,0,0,0,1,0,0,0,1,1,0.27,pi
惇,0,0,0,0,1,0,0,0,0,1,0,0,1,1,0.27,tu̯ən
奎,0,0,0,1,1,0,0,0,0,0,0,0,2,0,1000.0,kʰu̯ei̯
好,0,0,0,0,0,1,0,0,0,1,0,0,1,1,0.27,xau̯
霓,0,0,0,0,0,0,0,0,0,0,2,0,0,2,0.001,ni
笙,0,1,1,0,0,0,0,0,0,0,0,0,2,0,1000.0,ʂɤŋ
朗,0,0,0,1,1,0,0,0,0,0,0,0,2,0,1000.0,laŋ
幼,0,0,0,0,0,0,0,0,0,0,2,0,0,2,0.001,i̯oʊ̯
雍,0,0,0,2,0,0,0,0,0,0,0,0,2,0,1000.0,i̯ʊŋ
恕,0,0,0,0,1,0,0,0,0,1,0,0,1,1,0.27,ʂu
眉,0,0,0,0,0,0,0,0,0,2,0,0,0,2,0.001,mei̯
湧,0,1,0,1,0,0,0,0,0,0,0,0,2,0,1000.0,i̯ʊŋ
靈,0,0,0,2,0,0,0,0,0,0,0,0,2,0,1000.0,liŋ
淨,0,0,0,0,0,0,0,0,1,1,0,0,0,2,0.001,t͡ɕiŋ
藹,0,0,0,0,0,0,0,0,0,2,0,0,0,2,0.001,ai̯
烱,0,0,0,0,2,0,0,0,0,0,0,0,2,0,1000.0,t͡ɕi̯ʊŋ
柔,0,0,0,0,0,0,0,0,0,1,1,0,0,2,0.001,ʐoʊ̯
齡,0,0,0,0,0,0,0,0,0,2,0,0,0,2,0.001,liŋ
秦,0,0,0,0,1,0,0,0,1,0,0,0,1,1,0.27,t͡ɕʰin
里,0,0,0,0,1,0,0,0,0,1,0,0,1,1,0.27,li
蘅,0,0,0,0,0,0,0,0,0,1,1,0,0,2,0.001,xɤŋ
洺,0,1,0,1,0,0,0,0,0,0,0,0,2,0,1000.0,miŋ
夢,0,0,0,0,1,1,0,0,0,0,0,0,2,0,1000.0,mɤŋ
泮,0,0,0,0,0,1,0,0,0,0,0,0,1,0,1000.0,pʰan
從,0,0,0,1,0,0,0,0,0,0,0,0,1,0,1000.0,t͡sʰʊŋ
柿,0,0,0,0,0,0,0,0,0,1,0,0,0,1,0.001,ʂz̩
御,0,0,0,0,0,1,0,0,0,0,0,0,1,0,1000.0,y
袊,0,0,0,0,0,0,0,0,0,0,1,0,0,1,0.001,liŋ
邁,0,0,0,0,1,0,0,0,0,0,0,0,1,0,1000.0,mai̯
挺,0,0,0,1,0,0,0,0,0,0,0,0,1,0,1000.0,tʰiŋ
壕,0,0,0,0,1,0,0,0,0,0,0,0,1,0,1000.0,xau̯
濱,0,0,0,0,1,0,0,0,0,0,0,0,1,0,1000.0,pin
珀,0,0,0,0,1,0,0,0,0,0,0,0,1,0,1000.0,pʰu̯ɔ
駪,0,0,1,0,0,0,0,0,0,0,0,0,1,0,1000.0,ʂən
茜,0,0,0,0,0,0,0,0,0,1,0,0,0,1,0.001,t͡ɕʰi̯ɛn
蛟,0,0,0,1,0,0,0,0,0,0,0,0,1,0,1000.0,t͡ɕi̯au̯
珺,0,0,0,0,0,0,0,0,1,0,0,0,0,1,0.001,t͡ɕyn
創,0,0,1,0,0,0,0,0,0,0,0,0,1,0,1000.0,ʈ͡ʂʰu̯ɑŋ
礽,0,0,0,1,0,0,0,0,0,0,0,0,1,0,1000.0,ʐɤŋ
扉,0,0,0,0,0,0,0,0,1,0,0,0,0,1,0.001,fei̯
驤,0,0,0,0,0,1,0,0,0,0,0,0,1,0,1000.0,ɕi̯aŋ
雁,0,0,0,0,0,0,0,0,0,1,0,0,0,1,0.001,i̯ɛn
襄,0,0,0,0,0,0,0,0,0,1,0,0,0,1,0.001,ɕi̯aŋ
蒲,0,0,0,0,0,1,0,0,0,0,0,0,1,0,1000.0,pʰu
孫,0,0,0,0,1,0,0,0,0,0,0,0,1,0,1000.0,su̯ən
螢,0,0,0,0,0,0,0,0,0,0,0,1,0,1,0.001,iŋ
鈿,0,0,0,0,0,1,0,0,0,0,0,0,1,0,1000.0,tʰi̯ɛn
妹,0,0,0,0,0,0,0,0,0,0,1,0,0,1,0.001,mei̯
侖,0,0,0,1,0,0,0,0,0,0,0,0,1,0,1000.0,lu̯ən
地,0,0,0,0,1,0,0,0,0,0,0,0,1,0,1000.0,ti
萌,0,0,0,0,1,0,0,0,0,0,0,0,1,0,1000.0,mɤŋ
鉅,0,0,0,1,0,0,0,0,0,0,0,0,1,0,1000.0,t͡ɕy
席,0,0,0,1,0,0,0,0,0,0,0,0,1,0,1000.0,ɕi
莨,0,1,0,0,0,0,0,0,0,0,0,0,1,0,1000.0,laŋ
騫,0,0,1,0,0,0,0,0,0,0,0,0,1,0,1000.0,t͡ɕʰi̯ɛn
翮,0,1,0,0,0,0,0,0,0,0,0,0,1,0,1000.0,xɤ
璜,0,0,0,0,1,0,0,0,0,0,0,0,1,0,1000.0,xu̯ɑŋ
杺,0,0,0,0,0,0,0,0,1,0,0,0,0,1,0.001,ɕin
莆,0,0,1,0,0,0,0,0,0,0,0,0,1,0,1000.0,pʰu
欐,0,0,0,0,0,0,0,0,0,1,0,0,0,1,0.001,li
球,0,0,0,0,1,0,0,0,0,0,0,0,1,0,1000.0,t͡ɕʰi̯oʊ̯
葆,0,0,0,0,0,0,0,0,0,1,0,0,0,1,0.001,pau̯
盼,0,0,0,0,0,0,0,0,0,1,0,0,0,1,0.001,pʰan
暖,0,0,0,0,0,0,0,0,0,1,0,0,0,1,0.001,nuan
煦,0,0,0,0,0,1,0,0,0,0,0,0,1,0,1000.0,ɕy
玠,0,0,1,0,0,0,0,0,0,0,0,0,1,0,1000.0,t͡ɕi̯ɛ
荻,0,0,0,0,0,0,0,0,0,1,0,0,0,1,0.001,ti
河,0,0,0,0,1,0,0,0,0,0,0,0,1,0,1000.0,xɤ
韶,0,0,0,0,0,0,0,0,0,1,0,0,0,1,0.001,ʂau̯
教,0,0,0,0,1,0,0,0,0,0,0,0,1,0,1000.0,t͡ɕi̯au̯
裔,0,0,1,0,0,0,0,0,0,0,0,0,1,0,1000.0,i
宭,0,1,0,0,0,0,0,0,0,0,0,0,1,0,1000.0,t͡ɕʰyn
藩,0,0,0,0,0,1,0,0,0,0,0,0,1,0,1000.0,fan
煖,0,0,0,0,0,0,0,0,1,0,0,0,0,1,0.001,nuan
墉,0,0,0,1,0,0,0,0,0,0,0,0,1,0,1000.0,i̯ʊŋ
曛,0,0,0,0,0,0,0,0,1,0,0,0,0,1,0.001,ɕyn
秄,0,0,0,1,0,0,0,0,0,0,0,0,1,0,1000.0,t͡sz̩
绣,0,0,0,0,0,0,0,0,0,0,1,0,0,1,0.001,ɕi̯oʊ̯
秩,0,0,0,0,1,0,0,0,0,0,0,0,1,0,1000.0,ʈ͡ʂz̩
引,0,0,0,0,1,0,0,0,0,0,0,0,1,0,1000.0,in
慆,0,0,1,0,0,0,0,0,0,0,0,0,1,0,1000.0,tʰau̯
蒙,0,0,0,1,0,0,0,0,0,0,0,0,1,0,1000.0,mɤŋ
焱,0,0,0,1,0,0,0,0,0,0,0,0,1,0,1000.0,i̯ɛn
壎,0,0,0,0,1,0,0,0,0,0,0,0,1,0,1000.0,ɕyn
熾,0,0,0,1,0,0,0,0,0,0,0,0,1,0,1000.0,ʈ͡ʂʰz̩
濟,0,0,0,1,0,0,0,0,0,0,0,0,1,0,1000.0,t͡ɕi
竫,0,0,0,0,0,0,0,0,0,1,0,0,0,1,0.001,t͡ɕiŋ
崗,0,0,1,0,0,0,0,0,0,0,0,0,1,0,1000.0,kaŋ
藤,0,1,0,0,0,0,0,0,0,0,0,0,1,0,1000.0,tʰɤŋ
玗,0,0,0,0,0,0,0,0,0,1,0,0,0,1,0.001,y
馳,0,0,1,0,0,0,0,0,0,0,0,0,1,0,1000.0,ʈ͡ʂʰz̩
佰,0,0,0,0,1,0,0,0,0,0,0,0,1,0,1000.0,pai̯
圖,0,0,0,0,1,0,0,0,0,0,0,0,1,0,1000.0,tʰu
鏡,0,0,0,0,1,0,0,0,0,0,0,0,1,0,1000.0,t͡ɕiŋ
常,0,0,0,1,0,0,0,0,0,0,0,0,1,0,1000.0,ʈ͡ʂʰaŋ
眞,0,0,0,0,0,0,0,0,0,1,0,0,0,1,0.001,ʈ͡ʂən
穩,0,0,0,1,0,0,0,0,0,0,0,0,1,0,1000.0,u̯ən
舫,0,0,0,0,0,0,0,0,1,0,0,0,0,1,0.001,faŋ
吾,0,0,0,0,0,0,0,0,1,0,0,0,0,1,0.001,u
絹,0,0,0,0,0,0,0,1,0,0,0,0,0,1,0.001,t͡ɕyan
娉,0,0,0,0,0,0,0,0,0,1,0,0,0,1,0.001,pʰiŋ
波,0,0,0,0,0,1,0,0,0,0,0,0,1,0,1000.0,pu̯ɔ
功,0,0,0,1,0,0,0,0,0,0,0,0,1,0,1000.0,kʊŋ
濝,0,0,0,1,0,0,0,0,0,0,0,0,1,0,1000.0,t͡ɕʰi
臣,0,0,0,1,0,0,0,0,0,0,0,0,1,0,1000.0,ʈ͡ʂʰən
矩,0,0,0,0,0,0,0,0,0,1,0,0,0,1,0.001,t͡ɕy
臺,0,0,0,0,0,1,0,0,0,0,0,0,1,0,1000.0,tʰai̯
選,0,0,0,1,0,0,0,0,0,0,0,0,1,0,1000.0,ɕyan
準,0,0,0,1,0,0,0,0,0,0,0,0,1,0,1000.0,ʈ͡ʂu̯ən
冊,0,0,1,0,0,0,0,0,0,0,0,0,1,0,1000.0,t͡sʰɤ
櫪,0,0,1,0,0,0,0,0,0,0,0,0,1,0,1000.0,li
秤,0,0,0,0,1,0,0,0,0,0,0,0,1,0,1000.0,ʈ͡ʂʰɤŋ
祝,0,0,0,0,1,0,0,0,0,0,0,0,1,0,1000.0,ʈ͡ʂu
国,0,0,0,0,1,0,0,0,0,0,0,0,1,0,1000.0,ku̯ɔ
楠,0,0,0,0,1,0,0,0,0,0,0,0,1,0,1000.0,nan
鋼,0,0,0,0,1,0,0,0,0,0,0,0,1,0,1000.0,kaŋ
宴,0,0,0,0,0,0,0,0,0,1,0,0,0,1,0.001,i̯ɛn
師,0,0,0,0,1,0,0,0,0,0,0,0,1,0,1000.0,ʂz̩
楊,0,0,0,0,1,0,0,0,0,0,0,0,1,0,1000.0,i̯ɑŋ
脩,0,0,1,0,0,0,0,0,0,0,0,0,1,0,1000.0,ɕi̯oʊ̯
萩,0,0,0,0,0,0,0,0,0,0,1,0,0,1,0.001,t͡ɕʰi̯oʊ̯
乙,0,0,1,0,0,0,0,0,0,0,0,0,1,0,1000.0,i
奐,0,0,1,0,0,0,0,0,0,0,0,0,1,0,1000.0,xuan
彦,0,0,0,1,0,0,0,0,0,0,0,0,1,0,1000.0,i̯ɛn
序,0,0,0,1,0,0,0,0,0,0,0,0,1,0,1000.0,ɕy
沄,0,0,0,0,0,0,0,0,0,1,0,0,0,1,0.001,yn
代,0,0,1,0,0,0,0,0,0,0,0,0,1,0,1000.0,tai̯
凯,0,0,0,1,0,0,0,0,0,0,0,0,1,0,1000.0,kʰai̯
望,0,0,0,0,1,0,0,0,0,0,0,0,1,0,1000.0,u̯ɑŋ
商,0,0,0,1,0,0,0,0,0,0,0,0,1,0,1000.0,ʂaŋ
帝,0,0,1,0,0,0,0,0,0,0,0,0,1,0,1000.0,ti
再,0,0,0,0,1,0,0,0,0,0,0,0,1,0,1000.0,t͡sai̯
湛,0,0,0,0,1,0,0,0,0,0,0,0,1,0,1000.0,ʈ͡ʂan
丘,0,0,0,1,0,0,0,0,0,0,0,0,1,0,1000.0,t͡ɕʰi̯oʊ̯
爭,0,0,0,0,1,0,0,0,0,0,0,0,1,0,1000.0,ʈ͡ʂɤŋ
精,0,0,0,1,0,0,0,0,0,0,0,0,1,0,1000.0,t͡ɕiŋ
錕,0,0,0,1,0,0,0,0,0,0,0,0,1,0,1000.0,kʰu̯ən
白,0,0,0,0,1,0,0,0,0,0,0,0,1,0,1000.0,pai̯
婧,0,0,0,0,0,0,0,1,0,0,0,0,0,1,0.001,t͡ɕiŋ
舟,0,0,0,1,0,0,0,0,0,0,0,0,1,0,1000.0,ʈ͡ʂoʊ̯
淡,0,0,0,0,0,0,0,0,0,1,0,0,0,1,0.001,tan
葉,0,0,0,0,1,0,0,0,0,0,0,0,1,0,1000.0,i̯ɛ
姸,0,0,0,0,0,0,0,0,1,0,0,0,0,1,0.001,i̯ɛn
琲,0,0,0,0,0,0,0,0,0,1,0,0,0,1,0.001,pei̯
鍚,0,0,1,0,0,0,0,0,0,0,0,0,1,0,1000.0,i̯ɑŋ
蔭,0,0,0,0,1,0,0,0,0,0,0,0,1,0,1000.0,in
鍬,0,0,0,1,0,0,0,0,0,0,0,0,1,0,1000.0,t͡ɕʰi̯au̯
各,0,0,0,0,1,0,0,0,0,0,0,0,1,0,1000.0,kɤ
彣,0,0,0,0,0,0,0,1,0,0,0,0,0,1,0.001,u̯ən
拯,0,0,0,0,0,1,0,0,0,0,0,0,1,0,1000.0,ʈ͡ʂɤŋ
趾,0,0,0,0,1,0,0,0,0,0,0,0,1,0,1000.0,ʈ͡ʂz̩
逵,0,0,0,1,0,0,0,0,0,0,0,0,1,0,1000.0,kʰu̯ei̯
碔,0,0,0,0,1,0,0,0,0,0,0,0,1,0,1000.0,u
垣,0,0,1,0,0,0,0,0,0,0,0,0,1,0,1000.0,y̯ɛn
鎔,0,0,0,0,1,0,0,0,0,0,0,0,1,0,1000.0,ʐʊŋ
苔,0,0,0,1,0,0,0,0,0,0,0,0,1,0,1000.0,tʰai̯
主,0,0,0,0,0,0,0,0,1,0,0,0,0,1,0.001,ʈ͡ʂu
珣,0,0,0,0,0,0,0,0,1,0,0,0,0,1,0.001,ɕyn
橋,0,0,0,1,0,0,0,0,0,0,0,0,1,0,1000.0,t͡ɕʰi̯au̯
雷,0,0,0,0,1,0,0,0,0,0,0,0,1,0,1000.0,lei̯
湟,0,0,0,1,0,0,0,0,0,0,0,0,1,0,1000.0,xu̯ɑŋ
謝,0,0,1,0,0,0,0,0,0,0,0,0,1,0,1000.0,ɕi̯ɛ
莊,0,0,0,1,0,0,0,0,0,0,0,0,1,0,1000.0,ʈ͡ʂu̯ɑŋ
渙,0,0,0,1,0,0,0,0,0,0,0,0,1,0,1000.0,xuan
池,0,0,0,1,0,0,0,0,0,0,0,0,1,0,1000.0,ʈ͡ʂʰz̩
謀,0,0,1,0,0,0,0,0,0,0,0,0,1,0,1000.0,mu̯ɔu
鍙,0,0,1,0,0,0,0,0,0,0,0,0,1,0,1000.0,xu
詞,0,0,0,1,0,0,0,0,0,0,0,0,1,0,1000.0,t͡sʰz̩
記,0,0,0,0,1,0,0,0,0,0,0,0,1,0,1000.0,t͡ɕi
集,0,0,0,0,1,0,0,0,0,0,0,0,1,0,1000.0,t͡ɕi
献,0,0,0,1,0,0,0,0,0,0,0,0,1,0,1000.0,ɕi̯ɛn
諒,0,0,0,0,1,0,0,0,0,0,0,0,1,0,1000.0,li̯aŋ
錄,0,0,0,1,0,0,0,0,0,0,0,0,1,0,1000.0,lu
帥,0,0,0,0,1,0,0,0,0,0,0,0,1,0,1000.0,ʂu̯ai̯
湞,0,0,0,0,0,0,0,0,1,0,0,0,0,1,0.001,ʈ͡ʂən
姍,0,0,0,0,0,0,0,0,1,0,0,0,0,1,0.001,ʂan
都,0,0,0,1,0,0,0,0,0,0,0,0,1,0,1000.0,toʊ̯
珩,0,0,0,1,0,0,0,0,0,0,0,0,1,0,1000.0,xaŋ
璸,0,0,0,0,0,0,0,0,0,1,0,0,0,1,0.001,pin
佶,0,0,0,1,0,0,0,0,0,0,0,0,1,0,1000.0,t͡ɕi
化,0,0,0,0,0,1,0,0,0,0,0,0,1,0,1000.0,xua
泠,0,0,0,0,0,0,0,0,0,1,0,0,0,1,0.001,liŋ
枏,0,0,0,0,0,0,0,0,0,1,0,0,0,1,0.001,nan
瑱,0,0,0,1,0,0,0,0,0,0,0,0,1,0,1000.0,ʈ͡ʂən
虔,0,0,0,1,0,0,0,0,0,0,0,0,1,0,1000.0,t͡ɕʰi̯ɛn
媚,0,0,0,0,0,0,0,0,0,0,1,0,0,1,0.001,mei̯
懌,0,0,0,1,0,0,0,0,0,0,0,0,1,0,1000.0,i
倬,0,0,1,0,0,0,0,0,0,0,0,0,1,0,1000.0,ʈ͡ʂu̯ɔ
及,0,0,0,0,0,0,0,0,0,1,0,0,0,1,0.001,t͡ɕi
姮,0,0,0,0,0,0,0,0,0,1,0,0,0,1,0.001,xɤŋ
法,0,0,0,1,0,0,0,0,0,0,0,0,1,0,1000.0,fa
侃,0,0,0,1,0,0,0,0,0,0,0,0,1,0,1000.0,kʰan
昶,0,0,1,0,0,0,0,0,0,0,0,0,1,0,1000.0,ʈ͡ʂʰaŋ
銚,0,0,1,0,0,0,0,0,0,0,0,0,1,0,1000.0,i̯au̯
忍,0,0,0,1,0,0,0,0,0,0,0,0,1,0,1000.0,ʐən
偲,0,0,0,1,0,0,0,0,0,0,0,0,1,0,1000.0,t͡sʰai̯
玨,0,0,0,0,0,0,0,0,1,0,0,0,0,1,0.001,t͡ɕyɤ
藍,0,0,0,0,1,0,0,0,0,0,0,0,1,0,1000.0,lan
勉,0,0,0,0,1,0,0,0,0,0,0,0,1,0,1000.0,mi̯ɛn
孔,0,0,1,0,0,0,0,0,0,0,0,0,1,0,1000.0,kʰʊŋ
佟,0,0,0,0,1,0,0,0,0,0,0,0,1,0,1000.0,tʰʊŋ
支,0,0,0,1,0,0,0,0,0,0,0,0,1,0,1000.0,ʈ͡ʂz̩
潼,0,0,1,0,0,0,0,0,0,0,0,0,1,0,1000.0,tʰʊŋ
漪,0,0,0,0,0,0,0,0,0,0,1,0,0,1,0.001,i
邑,0,0,0,1,0,0,0,0,0,0,0,0,1,0,1000.0,i
淮,0,0,1,0,0,0,0,0,0,0,0,0,1,0,1000.0,xu̯ai̯
緣,0,0,0,0,0,0,0,0,1,0,0,0,0,1,0.001,y̯ɛn
駐,0,0,0,1,0,0,0,0,0,0,0,0,1,0,1000.0,ʈ͡ʂu
駒,0,0,0,1,0,0,0,0,0,0,0,0,1,0,1000.0,t͡ɕy
灯,0,0,1,0,0,0,0,0,0,0,0,0,1,0,1000.0,tɤŋ
曆,0,0,1,0,0,0,0,0,0,0,0,0,1,0,1000.0,li
倚,0,0,0,1,0,0,0,0,0,0,0,0,1,0,1000.0,i
煉,0,0,0,0,0,1,0,0,0,0,0,0,1,0,1000.0,li̯ɛn
贒,0,0,0,1,0,0,0,0,0,0,0,0,1,0,1000.0,ɕi̯ɛn
深,0,0,0,0,1,0,0,0,0,0,0,0,1,0,1000.0,ʂən
滽,0,0,0,0,1,0,0,0,0,0,0,0,1,0,1000.0,i̯ʊŋ
港,0,0,0,1,0,0,0,0,0,0,0,0,1,0,1000.0,kaŋ
澎,0,1,0,0,0,0,0,0,0,0,0,0,1,0,1000.0,pʰɤŋ
藝,0,0,1,0,0,0,0,0,0,0,0,0,1,0,1000.0,i
拱,0,0,0,0,1,0,0,0,0,0,0,0,1,0,1000.0,kʊŋ
適,0,0,0,0,0,0,0,0,0,1,0,0,0,1,0.001,ʂz̩
皚,0,0,0,0,0,0,0,0,0,1,0,0,0,1,0.001,ai̯
殿,0,0,1,0,0,0,0,0,0,0,0,0,1,0,1000.0,ti̯ɛn
鉌,0,0,0,1,0,0,0,0,0,0,0,0,1,0,1000.0,xɤ
綜,0,0,0,0,1,0,0,0,0,0,0,0,1,0,1000.0,t͡sʊŋ
渭,0,0,0,0,1,0,0,0,0,0,0,0,1,0,1000.0,u̯ei̯
伏,0,0,0,1,0,0,0,0,0,0,0,0,1,0,1000.0,fu
懿,0,0,1,0,0,0,0,0,0,0,0,0,1,0,1000.0,i
丙,0,0,0,1,0,0,0,0,0,0,0,0,1,0,1000.0,piŋ
渤,0,0,0,1,0,0,0,0,0,0,0,0,1,0,1000.0,pu̯ɔ
嶠,0,0,1,0,0,0,0,0,0,0,0,0,1,0,1000.0,t͡ɕi̯au̯
杯,0,0,0,1,0,0,0,0,0,0,0,0,1,0,1000.0,pei̯
瀝,0,0,0,1,0,0,0,0,0,0,0,0,1,0,1000.0,li
黎,0,1,0,0,0,0,0,0,0,0,0,0,1,0,1000.0,li
昫,0,0,1,0,0,0,0,0,0,0,0,0,1,0,1000.0,ɕy
閏,0,0,0,1,0,0,0,0,0,0,0,0,1,0,1000.0,ʐu̯ən
花,0,0,0,0,0,0,0,0,0,0,0,1,0,1,0.001,xua
域,0,0,0,0,1,0,0,0,0,0,0,0,1,0,1000.0,y
覺,0,0,1,0,0,0,0,0,0,0,0,0,1,0,1000.0,t͡ɕyɤ
昺,0,0,0,0,1,0,0,0,0,0,0,0,1,0,1000.0,piŋ
軻,0,0,1,0,0,0,0,0,0,0,0,0,1,0,1000.0,kʰɤ
次,0,0,0,0,1,0,0,0,0,0,0,0,1,0,1000.0,t͡sʰz̩
葛,0,1,0,0,0,0,0,0,0,0,0,0,1,0,1000.0,kɤ
會,0,0,0,1,0,0,0,0,0,0,0,0,1,0,1000.0,xu̯ei̯
烜,0,0,0,1,0,0,0,0,0,0,0,0,1,0,1000.0,ɕyan
鑑,0,0,0,1,0,0,0,0,0,0,0,0,1,0,1000.0,t͡ɕi̯ɛn
烔,0,0,1,0,0,0,0,0,0,0,0,0,1,0,1000.0,tʰʊŋ
嬪,0,0,0,0,0,0,0,0,0,1,0,0,0,1,0.001,pʰin
鍾,0,0,0,0,0,1,0,0,0,0,0,0,1,0,1000.0,ʈ͡ʂʊŋ
廉,0,0,0,1,0,0,0,0,0,0,0,0,1,0,1000.0,li̯ɛn
艷,0,0,0,0,1,0,0,0,0,0,0,0,1,0,1000.0,i̯ɛn
莎,0,0,0,0,0,0,0,1,0,0,0,0,0,1,0.001,ʂa
稼,0,0,1,0,0,0,0,0,0,0,0,0,1,0,1000.0,t͡ɕi̯ä
稟,0,1,0,0,0,0,0,0,0,0,0,0,1,0,1000.0,piŋ
緒,0,0,0,1,0,0,0,0,0,0,0,0,1,0,1000.0,ɕy
晞,0,0,0,0,1,0,0,0,0,0,0,0,1,0,1000.0,ɕi
冲,0,0,0,0,1,0,0,0,0,0,0,0,1,0,1000.0,ʈ͡ʂʰʊŋ
罡,0,0,1,0,0,0,0,0,0,0,0,0,1,0,1000.0,kaŋ
風,0,0,0,0,1,0,0,0,0,0,0,0,1,0,1000.0,fɤŋ
璥,0,0,1,0,0,0,0,0,0,0,0,0,1,0,1000.0,t͡ɕiŋ
淋,0,0,0,1,0,0,0,0,0,0,0,0,1,0,1000.0,lin
欉,0,0,0,1,0,0,0,0,0,0,0,0,1,0,1000.0,t͡sʰʊŋ
鍊,0,0,0,0,1,0,0,0,0,0,0,0,1,0,1000.0,li̯ɛn
巨,0,0,0,0,1,0,0,0,0,0,0,0,1,0,1000.0,t͡ɕy
蜂,0,0,0,0,1,0,0,0,0,0,0,0,1,0,1000.0,fɤŋ
珵,0,0,0,0,1,0,0,0,0,0,0,0,1,0,1000.0,ʈ͡ʂʰɤŋ
竺,0,0,1,0,0,0,0,0,0,0,0,0,1,0,1000.0,ʈ͡ʂu
彧,1,0,0,0,0,0,0,0,0,0,0,0,1,0,1000.0,y
臨,0,0,1,0,0,0,0,0,0,0,0,0,1,0,1000.0,lin
苙,0,0,0,1,0,0,0,0,0,0,0,0,1,0,1000.0,li
弦,0,0,0,0,0,1,0,0,0,0,0,0,1,0,1000.0,ɕi̯ɛn
璣,0,0,0,0,0,0,0,0,0,1,0,0,0,1,0.001,t͡ɕi
營,0,0,0,0,1,0,0,0,0,0,0,0,1,0,1000.0,iŋ
洽,0,0,0,0,0,1,0,0,0,0,0,0,1,0,1000.0,t͡ɕʰi̯ä
酉,0,0,0,1,0,0,0,0,0,0,0,0,1,0,1000.0,i̯oʊ̯
洌,0,0,0,0,1,0,0,0,0,0,0,0,1,0,1000.0,li̯ɛ
植,0,0,0,1,0,0,0,0,0,0,0,0,1,0,1000.0,ʈ͡ʂz̩
媗,0,0,0,0,0,0,0,1,0,0,0,0,0,1,0.001,ɕyan
特,0,0,0,1,0,0,0,0,0,0,0,0,1,0,1000.0,tʰɤ
瀾,0,0,0,0,1,0,0,0,0,0,0,0,1,0,1000.0,lan
葵,0,0,0,0,0,0,0,0,0,1,0,0,0,1,0.001,kʰu̯ei̯
洹,0,0,1,0,0,0,0,0,0,0,0,0,1,0,1000.0,xuan
霏,0,0,0,0,0,0,0,0,0,1,0,0,0,1,0.001,fei̯
將,0,0,1,0,0,0,0,0,0,0,0,0,1,0,1000.0,t͡ɕi̯aŋ
史,0,0,0,1,0,0,0,0,0,0,0,0,1,0,1000.0,ʂz̩
盡,0,0,0,1,0,0,0,0,0,0,0,0,1,0,1000.0,t͡ɕin
夫,0,0,0,0,0,1,0,0,0,0,0,0,1,0,1000.0,fu
堉,0,0,0,1,0,0,0,0,0,0,0,0,1,0,1000.0,y
府,0,0,1,0,0,0,0,0,0,0,0,0,1,0,1000.0,fu
斐,0,0,0,0,1,0,0,0,0,0,0,0,1,0,1000.0,fei̯
圓,0,0,1,0,0,0,0,0,0,0,0,0,1,0,1000.0,y̯ɛn
優,0,0,0,1,0,0,0,0,0,0,0,0,1,0,1000.0,i̯oʊ̯
苗,0,0,0,0,0,0,0,0,0,0,1,0,0,1,0.001,mi̯au̯
嫣,0,0,0,0,0,0,0,0,0,1,0,0,0,1,0.001,i̯ɛn
鍇,0,0,0,1,0,0,0,0,0,0,0,0,1,0,1000.0,kʰai̯
枚,0,0,0,0,0,0,0,0,0,1,0,0,0,1,0.001,mei̯
王,0,0,0,1,0,0,0,0,0,0,0,0,1,0,1000.0,u̯ɑŋ
坊,0,0,0,1,0,0,0,0,0,0,0,0,1,0,1000.0,faŋ
是,0,0,0,1,0,0,0,0,0,0,0,0,1,0,1000.0,ʂz̩
异,0,0,0,1,0,0,0,0,0,0,0,0,1,0,1000.0,i
音,0,0,0,0,0,0,0,0,0,1,0,0,0,1,0.001,in
炤,0,0,0,1,0,0,0,0,0,0,0,0,1,0,1000.0,ʈ͡ʂau̯
姲,0,0,0,0,0,0,0,0,0,0,1,0,0,1,0.001,i̯ɛn
荔,0,0,0,0,0,0,0,0,0,1,0,0,0,1,0.001,li
皆,0,0,0,1,0,0,0,0,0,0,0,0,1,0,1000.0,t͡ɕi̯ɛ
壁,0,0,0,0,0,1,0,0,0,0,0,0,1,0,1000.0,pi
楦,0,0,0,0,0,1,0,0,0,0,0,0,1,0,1000.0,ɕyan
團,0,0,0,0,1,0,0,0,0,0,0,0,1,0,1000.0,tʰuan
杭,0,0,0,1,0,0,0,0,0,0,0,0,1,0,1000.0,xaŋ
伭,0,1,0,0,0,0,0,0,0,0,0,0,1,0,1000.0,ɕi̯ɛn
橫,0,0,0,0,1,0,0,0,0,0,0,0,1,0,1000.0,xɤŋ
提,0,0,0,0,1,0,0,0,0,0,0,0,1,0,1000.0,tʰi
杵,0,0,0,0,1,0,0,0,0,0,0,0,1,0,1000.0,ʈ͡ʂʰu
歆,0,0,0,0,0,0,0,0,0,1,0,0,0,1,0.001,ɕin
嶫,0,0,1,0,0,0,0,0,0,0,0,0,1,0,1000.0,i̯ɛ
銆,0,1,0,0,0,0,0,0,0,0,0,0,1,0,1000.0,mu̯ɔ
蔡,0,0,0,0,1,0,0,0,0,0,0,0,1,0,1000.0,t͡sʰai̯
久,0,0,0,1,0,0,0,0,0,0,0,0,1,0,1000.0,t͡ɕi̯oʊ̯
棣,0,0,0,0,0,1,0,0,0,0,0,0,1,0,1000.0,ti
拓,0,0,0,0,1,0,0,0,0,0,0,0,1,0,1000.0,tʰu̯ɔ
薀,0,0,0,0,0,0,0,0,1,0,0,0,0,1,0.001,yn
韜,0,0,0,0,1,0,0,0,0,0,0,0,1,0,1000.0,tʰau̯
閩,0,0,0,1,0,0,0,0,0,0,0,0,1,0,1000.0,min
証,0,0,0,1,0,0,0,0,0,0,0,0,1,0,1000.0,ʈ͡ʂɤŋ
詳,0,1,0,0,0,0,0,0,0,0,0,0,1,0,1000.0,ɕi̯aŋ
桀,0,0,1,0,0,0,0,0,0,0,0,0,1,0,1000.0,t͡ɕi̯ɛ
璁,0,0,0,1,0,0,0,0,0,0,0,0,1,0,1000.0,t͡sʰʊŋ
甲,0,0,0,0,1,0,0,0,0,0,0,0,1,0,1000.0,t͡ɕi̯ä
行,0,0,0,0,1,0,0,0,0,0,0,0,1,0,1000.0,ɕiŋ
勗,0,0,0,1,0,0,0,0,0,0,0,0,1,0,1000.0,ɕy
鏞,0,0,0,0,1,0,0,0,0,0,0,0,1,0,1000.0,i̯ʊŋ
炉,0,0,0,0,1,0,0,0,0,0,0,0,1,0,1000.0,lu
沆,0,0,0,0,1,0,0,0,0,0,0,0,1,0,1000.0,xaŋ
澹,0,0,0,1,0,0,0,0,0,0,0,0,1,0,1000.0,tan
約,0,0,0,0,0,0,0,0,1,0,0,0,0,1,0.001,y̯ɛ
石,0,0,1,0,0,0,0,0,0,0,0,0,1,0,1000.0,ʂz̩
倢,0,0,0,0,0,0,0,0,0,0,1,0,0,1,0.001,t͡ɕi̯ɛ
柚,0,0,0,1,0,0,0,0,0,0,0,0,1,0,1000.0,i̯oʊ̯
棊,0,0,0,1,0,0,0,0,0,0,0,0,1,0,1000.0,t͡ɕʰi
渠,0,0,0,0,0,1,0,0,0,0,0,0,1,0,1000.0,t͡ɕʰy
蒂,0,0,0,0,0,0,0,0,0,1,0,0,0,1,0.001,ti
朱,0,0,0,0,0,1,0,0,0,0,0,0,1,0,1000.0,ʈ͡ʂu
遊,0,0,0,1,0,0,0,0,0,0,0,0,1,0,1000.0,i̯oʊ̯
鶯,0,0,0,0,0,0,0,0,0,0,1,0,0,1,0.001,iŋ
籽,0,0,0,1,0,0,0,0,0,0,0,0,1,0,1000.0,t͡sz̩
夷,0,0,0,0,0,0,0,0,0,0,1,0,0,1,0.001,i
鎂,0,0,0,0,0,0,0,0,1,0,0,0,0,1,0.001,mei̯
晋,0,0,0,0,1,0,0,0,0,0,0,0,1,0,1000.0,t͡ɕin
籐,0,0,0,0,1,0,0,0,0,0,0,0,1,0,1000.0,tʰɤŋ
綿,0,0,0,0,0,1,0,0,0,0,0,0,1,0,1000.0,mi̯ɛn
凰,0,0,0,0,1,0,0,0,0,0,0,0,1,0,1000.0,xu̯ɑŋ
娣,0,0,0,0,0,0,0,0,0,1,0,0,0,1,0.001,ti
芙,0,0,0,0,0,0,0,0,0,0,1,0,0,1,0.001,fu
嬅,0,0,0,0,0,0,0,0,1,0,0,0,0,1,0.001,xua
晧,0,0,0,0,1,0,0,0,0,0,0,0,1,0,1000.0,xau̯
浠,0,0,0,0,0,0,0,0,0,1,0,0,0,1,0.001,ɕi
畹,0,0,0,0,0,0,0,0,0,1,0,0,0,1,0.001,u̯an
蘋,0,0,0,0,0,0,0,0,0,1,0,0,0,1,0.001,pʰiŋ
銨,0,0,0,1,0,0,0,0,0,0,0,0,1,0,1000.0,an
譜,0,0,0,0,1,0,0,0,0,0,0,0,1,0,1000.0,pʰu
争,0,0,0,0,0,0,0,0,0,1,0,0,0,1,0.001,ʈ͡ʂɤŋ
瓏,0,0,0,0,1,0,0,0,0,0,0,0,1,0,1000.0,lʊŋ
澐,0,0,0,0,0,0,0,0,0,1,0,0,0,1,0.001,yn
滙,0,0,0,0,0,0,0,0,0,0,1,0,0,1,0.001,xu̯ei̯
鏗,0,0,0,0,0,1,0,0,0,0,0,0,1,0,1000.0,kʰɤŋ
曄,0,0,0,1,0,0,0,0,0,0,0,0,1,0,1000.0,i̯ɛ
繡,0,0,0,0,0,0,0,0,0,0,1,0,0,1,0.001,ɕi̯oʊ̯
函,0,0,0,1,0,0,0,0,0,0,0,0,1,0,1000.0,xan
璘,0,0,0,0,0,0,0,0,1,0,0,0,0,1,0.001,lin
贈,0,0,0,0,1,0,0,0,0,0,0,0,1,0,1000.0,t͡sɤŋ
崙,0,0,0,1,0,0,0,0,0,0,0,0,1,0,1000.0,lu̯ən
燐,0,0,0,0,1,0,0,0,0,0,0,0,1,0,1000.0,lin
从,0,0,1,0,0,0,0,0,0,0,0,0,1,0,1000.0,t͡sʰʊŋ
曦,0,0,0,1,0,0,0,0,0,0,0,0,1,0,1000.0,ɕi
紓,0,0,0,0,0,0,0,0,0,1,0,0,0,1,0.001,ʂu
岸,0,0,1,0,0,0,0,0,0,0,0,0,1,0,1000.0,an
圳,0,0,0,1,0,0,0,0,0,0,0,0,1,0,1000.0,ʈ͡ʂən
鑨,0,0,0,1,0,0,0,0,0,0,0,0,1,0,1000.0,lʊŋ
鄭,0,0,0,1,0,0,0,0,0,0,0,0,1,0,1000.0,ʈ͡ʂɤŋ
黛,0,0,0,0,0,0,0,0,0,0,1,0,0,1,0.001,tai̯
恬,0,0,0,0,0,0,0,0,0,1,0,0,0,1,0.001,tʰi̯ɛn
堡,0,0,0,1,0,0,0,0,0,0,0,0,1,0,1000.0,pau̯
菊,0,0,0,0,0,0,0,0,0,0,1,0,0,1,0.001,t͡ɕy
繕,0,0,1,0,0,0,0,0,0,0,0,0,1,0,1000.0,ʂan
扶,0,0,0,1,0,0,0,0,0,0,0,0,1,0,1000.0,fu
桑,0,0,0,1,0,0,0,0,0,0,0,0,1,0,1000.0,saŋ
慎,0,0,1,0,0,0,0,0,0,0,0,0,1,0,1000.0,ʂən
洛,0,0,0,0,0,0,0,0,1,0,0,0,0,1,0.001,lu̯ɔ
胡,0,0,0,0,0,0,0,0,0,1,0,0,0,1,0.001,xu
虹,0,0,1,0,0,0,0,0,0,0,0,0,1,0,1000.0,xʊŋ
汎,0,0,0,0,1,0,0,0,0,0,0,0,1,0,1000.0,fan
謄,0,0,0,1,0,0,0,0,0,0,0,0,1,0,1000.0,tʰɤŋ
蒨,0,0,0,0,0,0,0,0,0,1,0,0,0,1,0.001,t͡ɕʰi̯ɛn
衣,0,0,0,0,0,0,0,0,0,0,1,0,0,1,0.001,i
倖,0,0,1,0,0,0,0,0,0,0,0,0,1,0,1000.0,ɕiŋ
狄,0,0,0,1,0,0,0,0,0,0,0,0,1,0,1000.0,ti
瑰,0,0,0,0,0,0,0,0,0,0,1,0,0,1,0.001,ku̯ei̯
晶,0,0,0,0,0,0,0,0,0,0,1,0,0,1,0.001,t͡ɕiŋ
匡,0,0,0,1,0,0,0,0,0,0,0,0,1,0,1000.0,kʰu̯ɑŋ
執,0,0,0,1,0,0,0,0,0,0,0,0,1,0,1000.0,ʈ͡ʂz̩
榤,0,0,0,1,0,0,0,0,0,0,0,0,1,0,1000.0,t͡ɕi̯ɛ
洸,0,0,0,0,0,0,1,0,0,0,0,0,0,1,0.001,ku̯ɑŋ
含,0,0,0,0,0,0,1,0,0,0,0,0,0,1,0.001,xan
親,0,0,0,1,0,0,0,0,0,0,0,0,1,0,1000.0,t͡ɕʰin
鉞,0,0,0,1,0,0,0,0,0,0,0,0,1,0,1000.0,y̯ɛ
苑,0,0,0,0,0,0,0,0,0,1,0,0,0,1,0.001,y̯ɛn
鐸,0,0,0,1,0,0,0,0,0,0,0,0,1,0,1000.0,tu̯ɔ
果,0,0,0,1,0,0,0,0,0,0,0,0,1,0,1000.0,ku̯ɔ
謦,0,0,0,1,0,0,0,0,0,0,0,0,1,0,1000.0,t͡ɕʰiŋ
壤,0,0,0,0,1,0,0,0,0,0,0,0,1,0,1000.0,ʐaŋ
坦,0,0,0,0,1,0,0,0,0,0,0,0,1,0,1000.0,tʰan
宖,0,1,0,0,0,0,0,0,0,0,0,0,1,0,1000.0,xʊŋ
述,0,1,0,0,0,0,0,0,0,0,0,0,1,0,1000.0,ʂu
翌,0,0,0,0,0,0,0,0,0,0,1,0,0,1,0.001,i
匯,0,0,0,1,0,0,0,0,0,0,0,0,1,0,1000.0,xu̯ei̯
龔,0,0,0,0,1,0,0,0,0,0,0,0,1,0,1000.0,kʊŋ
琁,0,0,0,0,0,0,0,0,1,0,0,0,0,1,0.001,ɕyan
榜,0,0,1,0,0,0,0,0,0,0,0,0,1,0,1000.0,paŋ
盱,0,0,1,0,0,0,0,0,0,0,0,0,1,0,1000.0,ɕy
肯,0,0,0,0,1,0,0,0,0,0,0,0,1,0,1000.0,kʰən
儼,0,0,1,0,0,0,0,0,0,0,0,0,1,0,1000.0,i̯ɛn
莠,0,0,0,0,0,0,0,0,0,1,0,0,0,1,0.001,i̯oʊ̯
豊,0,0,0,0,1,0,0,0,0,0,0,0,1,0,1000.0,li
温,0,0,0,0,1,0,0,0,0,0,0,0,1,0,1000.0,u̯ən
鸿,0,0,0,1,0,0,0,0,0,0,0,0,1,0,1000.0,xʊŋ
烽,0,0,0,0,1,0,0,0,0,0,0,0,1,0,1000.0,fɤŋ
影,0,0,0,0,0,0,0,0,0,1,0,0,0,1,0.001,iŋ
鄉,0,0,0,0,0,0,0,0,0,1,0,0,0,1,0.001,ɕi̯aŋ
養,0,0,0,0,0,1,0,0,0,0,0,0,1,0,1000.0,i̯ɑŋ
僑,0,0,0,1,0,0,0,0,0,0,0,0,1,0,1000.0,t͡ɕʰi̯au̯
讓,0,0,0,1,0,0,0,0,0,0,0,0,1,0,1000.0,ʐaŋ
綦,0,0,0,0,0,0,0,0,0,1,0,0,0,1,0.001,t͡ɕʰi
鏘,0,0,0,0,0,1,0,0,0,0,0,0,1,0,1000.0,t͡ɕʰi̯aŋ
機,0,0,0,0,1,0,0,0,0,0,0,0,1,0,1000.0,t͡ɕi
李,0,0,0,1,0,0,0,0,0,0,0,0,1,0,1000.0,li
涔,0,0,0,0,0,0,0,0,0,1,0,0,0,1,0.001,t͡sʰən
淙,0,0,0,1,0,0,0,0,0,0,0,0,1,0,1000.0,t͡sʰʊŋ
九,0,0,1,0,0,0,0,0,0,0,0,0,1,0,1000.0,t͡ɕi̯oʊ̯
四,0,0,0,0,0,1,0,0,0,0,0,0,1,0,1000.0,sz̩
薔,0,0,0,0,0,0,0,0,0,0,1,0,0,1,0.001,t͡ɕʰi̯aŋ
彭,0,0,0,1,0,0,0,0,0,0,0,0,1,0,1000.0,pʰɤŋ
瑤,0,0,0,0,1,0,0,0,0,0,0,0,1,0,1000.0,i̯au̯
蕾,0,0,0,0,0,0,0,0,0,1,0,0,0,1,0.001,lei̯
爵,0,0,1,0,0,0,0,0,0,0,0,0,1,0,1000.0,t͡ɕyɤ
潭,0,0,0,0,1,0,0,0,0,0,0,0,1,0,1000.0,tʰan
勃,0,0,1,0,0,0,0,0,0,0,0,0,1,0,1000.0,pu̯ɔ
鍒,0,0,0,0,0,0,0,0,0,1,0,0,0,1,0.001,ʐoʊ̯
知,0,0,0,0,0,1,0,0,0,0,0,0,1,0,1000.0,ʈ͡ʂz̩
冀,0,0,0,0,1,0,0,0,0,0,0,0,1,0,1000.0,t͡ɕi
儷,0,0,0,0,0,0,0,0,0,0,1,0,0,1,0.001,li
憬,0,0,1,0,0,0,0,0,0,0,0,0,1,0,1000.0,t͡ɕiŋ
令,0,0,0,1,0,0,0,0,0,0,0,0,1,0,1000.0,liŋ
祚,0,0,0,0,0,1,0,0,0,0,0,0,1,0,1000.0,t͡su̯ɔ
姝,0,0,0,0,0,0,0,0,0,0,1,0,0,1,0.001,ʂu
開,0,0,0,1,0,0,0,0,0,0,0,0,1,0,1000.0,kʰai̯
虢,0,0,0,1,0,0,0,0,0,0,0,0,1,0,1000.0,ku̯ɔ
畇,0,0,0,0,0,0,0,0,0,1,0,0,0,1,0.001,yn
稔,0,0,0,0,1,0,0,0,0,0,0,0,1,0,1000.0,ʐən
寳,0,0,0,0,1,0,0,0,0,0,0,0,1,0,1000.0,pau̯
帛,0,0,0,1,0,0,0,0,0,0,0,0,1,0,1000.0,pu̯ɔ
